,SEASON,TEAM_ID,TEAM_ABBREVIATION,TEAM_NAME,GAME_ID,GAME_DATE,MATCHUP,WL,MIN,PTS,FGM,FGA,FG_PCT,FG3M,FG3A,FG3_PCT,FTM,FTA,FT_PCT,OREB,DREB,REB,AST,STL,BLK,TOV,PF,PLUS_MINUS,HOME
0,2020,1610612748,MIA,Miami Heat,22000773,2021-04-06,MIA vs. MEM,L,35,28,11,16,0.688,1,2,0.5,5,6,0.833,1,2,3,5,2,0,1,1,0.2,True
1,2020,1610612748,MIA,Miami Heat,22000749,2021-04-03,MIA vs. CLE,W,32,15,4,8,0.5,0,0,,7,7,1.0,2,4,6,11,2,0,1,2,2.2,True
2,2020,1610612748,MIA,Miami Heat,22000733,2021-04-01,MIA vs. GSW,W,35,22,7,13,0.538,1,3,0.333,7,9,0.778,1,5,6,8,4,0,1,2,2.0,True
3,2020,1610612748,MIA,Miami Heat,22000722,2021-03-31,MIA @ IND,W,37,18,6,14,0.429,0,2,0.0,6,7,0.857,1,3,4,4,2,1,2,1,1.2,False
4,2020,1610612748,MIA,Miami Heat,22000710,2021-03-29,MIA @ NYK,W,34,27,10,15,0.667,0,3,0.0,7,8,0.875,1,4,5,6,0,1,1,2,1.2,False
5,2020,1610612748,MIA,Miami Heat,22000686,2021-03-26,MIA @ CHA,L,38,20,7,16,0.438,2,8,0.25,4,6,0.667,1,4,5,9,1,0,1,4,1.8,False
6,2020,1610612748,MIA,Miami Heat,22000664,2021-03-23,MIA vs. PHX,L,27,14,7,13,0.538,0,1,0.0,0,0,,4,7,11,1,1,0,5,2,-3.8,True
7,2020,1610612748,MIA,Miami Heat,22000645,2021-03-21,MIA vs. IND,L,42,21,7,16,0.438,0,1,0.0,7,8,0.875,6,9,15,7,0,0,2,3,-3.0,True
8,2020,1610612748,MIA,Miami Heat,22000632,2021-03-19,MIA vs. IND,L,32,17,6,10,0.6,0,0,,5,5,1.0,2,6,8,4,2,0,3,0,-5.2,True
9,2020,1610612748,MIA,Miami Heat,22000623,2021-03-17,MIA @ MEM,L,36,24,10,20,0.5,2,6,0.333,2,3,0.667,2,5,7,2,1,0,1,2,0.6,False
10,2020,1610612748,MIA,Miami Heat,22000610,2021-03-16,MIA vs. CLE,W,32,28,11,16,0.688,0,1,0.0,6,6,1.0,4,8,12,4,2,0,3,2,2.8,True
11,2020,1610612748,MIA,Miami Heat,22000596,2021-03-14,MIA @ ORL,W,36,29,10,17,0.588,0,4,0.0,9,10,0.9,2,5,7,9,5,1,1,1,2.6,False
12,2020,1610612748,MIA,Miami Heat,22000582,2021-03-12,MIA @ CHI,W,33,28,9,17,0.529,0,1,0.0,10,12,0.833,0,3,3,8,4,1,2,2,1.8,False
13,2020,1610612748,MIA,Miami Heat,22000571,2021-03-11,MIA vs. ORL,W,36,27,9,17,0.529,1,4,0.25,8,13,0.615,1,7,8,11,3,1,2,2,2.2,True
14,2020,1610612748,MIA,Miami Heat,22000557,2021-03-04,MIA @ NOP,W,34,29,10,14,0.714,1,2,0.5,8,9,0.889,0,3,3,9,3,0,3,3,2.2,False
15,2020,1610612748,MIA,Miami Heat,22000507,2021-02-26,MIA vs. UTA,W,35,33,12,22,0.545,0,3,0.0,9,11,0.818,4,6,10,8,1,0,3,0,1.8,True
16,2020,1610612748,MIA,Miami Heat,22000492,2021-02-24,MIA vs. TOR,W,34,27,8,17,0.471,3,4,0.75,8,8,1.0,2,6,8,10,3,1,2,1,2.0,True
17,2020,1610612748,MIA,Miami Heat,22000475,2021-02-22,MIA @ OKC,W,29,15,3,11,0.273,0,0,,9,9,1.0,2,2,4,9,1,1,1,0,2.2,False
18,2020,1610612748,MIA,Miami Heat,22000463,2021-02-20,MIA @ LAL,W,34,24,8,20,0.4,0,0,,8,10,0.8,4,4,8,5,2,0,5,2,0.0,False
19,2020,1610612748,MIA,Miami Heat,22000447,2021-02-18,MIA @ SAC,W,35,13,6,12,0.5,0,1,0.0,1,2,0.5,3,7,10,13,1,0,3,2,0.8,False
20,2020,1610612748,MIA,Miami Heat,22000443,2021-02-17,MIA @ GSW,L,41,13,6,15,0.4,1,2,0.5,0,0,,2,10,12,11,3,0,5,2,-1.0,False
21,2020,1610612748,MIA,Miami Heat,22000425,2021-02-15,MIA @ LAC,L,38,30,10,19,0.526,0,2,0.0,10,10,1.0,3,7,10,10,2,0,1,1,1.0,False
22,2020,1610612748,MIA,Miami Heat,22000410,2021-02-13,MIA @ UTA,L,32,15,3,10,0.3,1,2,0.5,8,12,0.667,3,5,8,5,3,0,3,3,-4.4,False
23,2020,1610612748,MIA,Miami Heat,22000392,2021-02-11,MIA @ HOU,W,39,27,8,18,0.444,1,2,0.5,10,11,0.909,1,9,10,10,0,0,3,1,0.8,False
24,2020,1610612748,MIA,Miami Heat,22000376,2021-02-09,MIA vs. NYK,W,36,26,6,15,0.4,1,2,0.5,13,15,0.867,0,8,8,10,1,1,2,1,5.0,True
25,2020,1610612748,MIA,Miami Heat,22000364,2021-02-07,MIA @ NYK,W,34,17,3,11,0.273,0,1,0.0,11,12,0.917,2,8,10,9,1,0,4,1,2.2,False
26,2020,1610612748,MIA,Miami Heat,22000347,2021-02-05,MIA vs. WAS,W,26,14,4,7,0.571,0,0,,6,8,0.75,1,7,8,9,3,1,2,1,6.8,True
27,2020,1610612748,MIA,Miami Heat,22000331,2021-02-03,MIA vs. WAS,L,37,19,5,11,0.455,0,1,0.0,9,11,0.818,3,5,8,9,1,0,0,1,-0.2,True
28,2020,1610612748,MIA,Miami Heat,22000314,2021-02-01,MIA vs. CHA,L,37,25,9,17,0.529,0,3,0.0,7,10,0.7,3,6,9,5,4,0,3,2,-1.4,True
29,2020,1610612748,MIA,Miami Heat,22000301,2021-01-30,MIA vs. SAC,W,34,30,8,19,0.421,0,2,0.0,14,16,0.875,1,6,7,8,0,0,0,1,-1.4,True
30,2020,1610612748,MIA,Miami Heat,22000136,2021-01-09,MIA @ WAS,W,36,26,10,18,0.556,0,1,0.0,6,6,1.0,3,7,10,9,2,1,0,1,2.2,False
31,2020,1610612748,MIA,Miami Heat,22000111,2021-01-06,MIA vs. BOS,L,33,26,9,19,0.474,0,3,0.0,8,9,0.889,2,6,8,3,0,3,1,0,1.6,True
32,2020,1610612748,MIA,Miami Heat,22000096,2021-01-04,MIA vs. OKC,W,26,18,6,12,0.5,0,2,0.0,6,6,1.0,0,3,3,6,1,0,0,1,3.4,True
33,2020,1610612748,MIA,Miami Heat,22000071,2021-01-01,MIA @ DAL,L,27,2,0,6,0.0,0,0,,2,3,0.667,1,2,3,2,2,0,3,1,-3.6,False
34,2020,1610612748,MIA,Miami Heat,22000005,2020-12-25,MIA vs. NOP,W,16,4,2,7,0.286,0,1,0.0,0,0,,3,3,6,5,1,0,1,0,-1.6,True
35,2020,1610612748,MIA,Miami Heat,22000012,2020-12-23,MIA @ ORL,L,36,19,7,15,0.467,0,0,,5,5,1.0,1,2,3,7,7,0,6,1,-1.0,False
57,2019,1610612748,MIA,Miami Heat,21901306,2020-08-12,MIA @ OKC,L,16,7,2,3,0.667,0,0,,3,5,0.6,1,4,5,2,2,0,3,1,2.6,False
58,2019,1610612748,MIA,Miami Heat,21901295,2020-08-10,MIA vs. IND,W,29,19,5,13,0.385,0,2,0.0,9,11,0.818,3,8,11,5,4,1,2,2,3.4,True
59,2019,1610612748,MIA,Miami Heat,21901250,2020-08-03,MIA vs. TOR,L,33,16,4,9,0.444,0,0,,8,8,1.0,2,5,7,5,2,2,3,1,-1.4,True
60,2019,1610612748,MIA,Miami Heat,21901239,2020-08-01,MIA @ DEN,W,30,22,6,11,0.545,0,0,,10,11,0.909,2,2,4,7,3,0,1,3,1.8,False
63,2019,1610612748,MIA,Miami Heat,21900951,2020-03-08,MIA @ WAS,W,24,9,2,4,0.5,0,0,,5,6,0.833,0,0,0,0,1,0,1,1,-0.2,False
64,2019,1610612748,MIA,Miami Heat,21900936,2020-03-06,MIA @ NOP,L,37,28,8,17,0.471,0,0,,12,14,0.857,2,6,8,6,3,0,0,1,-1.4,False
65,2019,1610612748,MIA,Miami Heat,21900919,2020-03-04,MIA vs. ORL,W,34,12,4,9,0.444,0,1,0.0,4,6,0.667,2,5,7,8,2,0,1,0,-0.8,True
66,2019,1610612748,MIA,Miami Heat,21900906,2020-03-02,MIA vs. MIL,W,35,18,7,14,0.5,1,1,1.0,3,4,0.75,1,5,6,7,1,0,0,1,2.8,True
67,2019,1610612748,MIA,Miami Heat,21900889,2020-02-29,MIA vs. BKN,W,36,16,5,14,0.357,0,1,0.0,6,9,0.667,3,3,6,8,1,0,2,1,-0.6,True
68,2019,1610612748,MIA,Miami Heat,21900880,2020-02-28,MIA vs. DAL,W,33,26,8,14,0.571,0,0,,10,12,0.833,0,5,5,3,0,1,3,3,-1.2,True
69,2019,1610612748,MIA,Miami Heat,21900868,2020-02-26,MIA vs. MIN,L,35,18,4,10,0.4,0,0,,10,11,0.909,3,1,4,9,0,2,4,1,0.8,True
70,2019,1610612748,MIA,Miami Heat,21900821,2020-02-20,MIA @ ATL,L,34,17,6,18,0.333,0,1,0.0,5,6,0.833,2,6,8,9,2,1,2,1,2.8,False
72,2019,1610612748,MIA,Miami Heat,21900816,2020-02-12,MIA @ UTA,L,33,25,10,21,0.476,0,3,0.0,5,6,0.833,3,5,8,1,0,0,4,1,-3.2,False
73,2019,1610612748,MIA,Miami Heat,21900800,2020-02-10,MIA @ GSW,W,33,21,9,15,0.6,0,0,,3,4,0.75,0,10,10,5,4,1,2,1,-1.4,False
74,2019,1610612748,MIA,Miami Heat,21900763,2020-02-05,MIA @ LAC,L,26,11,3,7,0.429,0,1,0.0,5,7,0.714,1,4,5,7,0,0,1,1,-4.4,False
75,2019,1610612748,MIA,Miami Heat,21900747,2020-02-03,MIA vs. PHI,W,29,38,14,20,0.7,2,2,1.0,8,8,1.0,2,5,7,2,3,0,0,2,2.6,True
76,2019,1610612748,MIA,Miami Heat,21900729,2020-02-01,MIA @ ORL,W,34,24,8,15,0.533,0,1,0.0,8,9,0.889,0,3,3,3,1,1,3,3,2.6,False
77,2019,1610612748,MIA,Miami Heat,21900701,2020-01-28,MIA vs. BOS,L,36,20,5,14,0.357,0,4,0.0,10,12,0.833,3,3,6,2,3,0,3,2,-1.4,True
78,2019,1610612748,MIA,Miami Heat,21900694,2020-01-27,MIA vs. ORL,W,30,19,7,11,0.636,0,0,,5,5,1.0,2,1,3,7,1,1,0,1,4.0,True
79,2019,1610612748,MIA,Miami Heat,21900673,2020-01-24,MIA vs. LAC,L,30,20,6,15,0.4,0,3,0.0,8,8,1.0,1,7,8,7,0,0,1,2,-1.0,True
80,2019,1610612748,MIA,Miami Heat,21900658,2020-01-22,MIA vs. WAS,W,34,24,4,10,0.4,0,1,0.0,16,18,0.889,1,6,7,10,0,1,2,2,0.2,True
81,2019,1610612748,MIA,Miami Heat,21900637,2020-01-19,MIA @ SAS,L,33,16,5,14,0.357,0,2,0.0,6,6,1.0,1,4,5,6,2,0,0,3,0.8,False
82,2019,1610612748,MIA,Miami Heat,21900623,2020-01-17,MIA @ OKC,W,34,14,3,8,0.375,1,3,0.333,7,7,1.0,2,8,10,7,2,1,2,1,0.6,False
83,2019,1610612748,MIA,Miami Heat,21900606,2020-01-15,MIA vs. SAS,W,34,12,4,11,0.364,1,2,0.5,3,7,0.429,1,2,3,4,1,1,2,1,-0.6,True
84,2019,1610612748,MIA,Miami Heat,21900584,2020-01-12,MIA @ NYK,L,35,25,8,15,0.533,0,0,,9,11,0.818,2,9,11,6,0,1,1,1,0.2,False
85,2019,1610612748,MIA,Miami Heat,21900568,2020-01-10,MIA @ BKN,L,36,33,12,18,0.667,0,2,0.0,9,9,1.0,0,9,9,2,0,1,1,1,-3.0,False
86,2019,1610612748,MIA,Miami Heat,21900556,2020-01-08,MIA @ IND,W,28,14,5,6,0.833,0,0,,4,4,1.0,1,5,6,7,2,0,2,2,4.8,False
87,2019,1610612748,MIA,Miami Heat,21900518,2020-01-03,MIA @ ORL,L,35,23,7,12,0.583,0,2,0.0,9,11,0.818,2,8,10,7,3,0,6,1,-1.8,False
88,2019,1610612748,MIA,Miami Heat,21900510,2020-01-02,MIA vs. TOR,W,34,8,2,10,0.2,0,0,,4,7,0.571,3,9,12,7,2,0,3,1,-0.4,True
89,2019,1610612748,MIA,Miami Heat,21900492,2019-12-30,MIA @ WAS,L,37,27,6,10,0.6,0,0,,15,19,0.789,1,5,6,4,0,0,1,0,-1.4,False
90,2019,1610612748,MIA,Miami Heat,21900475,2019-12-28,MIA vs. PHI,W,42,25,7,21,0.333,0,2,0.0,11,14,0.786,4,5,9,9,2,1,0,2,3.6,True
91,2019,1610612748,MIA,Miami Heat,21900470,2019-12-27,MIA vs. IND,W,33,20,3,11,0.273,0,0,,14,15,0.933,5,4,9,6,1,0,4,3,0.6,True
92,2019,1610612748,MIA,Miami Heat,21900449,2019-12-23,MIA vs. UTA,W,34,20,7,15,0.467,0,1,0.0,6,7,0.857,4,4,8,2,2,0,1,2,-1.4,True
93,2019,1610612748,MIA,Miami Heat,21900424,2019-12-20,MIA vs. NYK,W,28,9,2,3,0.667,1,1,1.0,4,6,0.667,1,4,5,8,3,1,3,0,5.8,True
94,2019,1610612748,MIA,Miami Heat,21900410,2019-12-18,MIA @ PHI,W,34,14,5,11,0.455,0,1,0.0,4,5,0.8,0,7,7,5,2,0,4,1,-1.2,False
95,2019,1610612748,MIA,Miami Heat,21900397,2019-12-16,MIA @ MEM,L,39,25,6,12,0.5,1,2,0.5,12,14,0.857,3,1,4,8,1,0,3,1,1.4,False
96,2019,1610612748,MIA,Miami Heat,21900384,2019-12-14,MIA @ DAL,W,43,27,8,22,0.364,1,6,0.167,10,12,0.833,1,3,4,7,1,0,2,2,1.4,False
97,2019,1610612748,MIA,Miami Heat,21900374,2019-12-13,MIA vs. LAL,L,37,23,9,20,0.45,0,5,0.0,5,6,0.833,0,3,3,3,4,0,2,1,-0.4,True
98,2019,1610612748,MIA,Miami Heat,21900354,2019-12-10,MIA vs. ATL,W,42,20,8,18,0.444,1,3,0.333,3,7,0.429,2,16,18,10,0,0,3,0,6.4,True
99,2019,1610612748,MIA,Miami Heat,21900337,2019-12-08,MIA vs. CHI,W,44,23,3,14,0.214,0,5,0.0,17,21,0.81,1,5,6,7,1,1,3,4,0.0,True
100,2019,1610612748,MIA,Miami Heat,21900324,2019-12-06,MIA vs. WAS,W,36,28,9,16,0.563,2,5,0.4,8,11,0.727,3,8,11,11,1,2,3,2,2.6,True
101,2019,1610612748,MIA,Miami Heat,21900310,2019-12-04,MIA @ BOS,L,37,37,12,18,0.667,6,10,0.6,7,10,0.7,2,4,6,4,2,0,4,2,-2.6,False
102,2019,1610612748,MIA,Miami Heat,21900301,2019-12-03,MIA @ TOR,W,41,22,7,16,0.438,2,4,0.5,6,7,0.857,3,10,13,12,1,0,3,0,2.4,False
103,2019,1610612748,MIA,Miami Heat,21900284,2019-12-01,MIA @ BKN,W,35,20,5,17,0.294,1,5,0.2,9,10,0.9,3,4,7,2,1,1,2,1,1.0,False
104,2019,1610612748,MIA,Miami Heat,21900273,2019-11-29,MIA vs. GSW,W,28,16,3,11,0.273,0,2,0.0,10,12,0.833,2,4,6,6,2,0,1,2,3.0,True
105,2019,1610612748,MIA,Miami Heat,21900245,2019-11-25,MIA vs. CHA,W,31,21,6,11,0.545,0,2,0.0,9,9,1.0,2,1,3,7,1,1,3,1,5.8,True
106,2019,1610612748,MIA,Miami Heat,21900230,2019-11-23,MIA @ PHI,L,30,11,4,13,0.308,0,2,0.0,3,4,0.75,4,1,5,3,2,0,1,1,-6.2,False
107,2019,1610612748,MIA,Miami Heat,21900219,2019-11-22,MIA @ CHI,W,34,27,7,10,0.7,1,2,0.5,12,13,0.923,1,4,5,7,4,0,3,2,3.0,False
108,2019,1610612748,MIA,Miami Heat,21900206,2019-11-20,MIA vs. CLE,W,32,21,3,16,0.188,2,4,0.5,13,13,1.0,1,4,5,5,2,4,3,2,5.6,True
109,2019,1610612748,MIA,Miami Heat,21900178,2019-11-16,MIA vs. NOP,W,38,16,4,11,0.364,1,2,0.5,7,7,1.0,2,6,8,13,3,0,6,0,4.4,True
110,2019,1610612748,MIA,Miami Heat,21900161,2019-11-14,MIA @ CLE,W,39,14,7,11,0.636,0,2,0.0,0,0,,1,1,2,6,3,2,4,2,3.4,False
111,2019,1610612748,MIA,Miami Heat,21900148,2019-11-12,MIA vs. DET,W,39,20,6,13,0.462,0,2,0.0,8,11,0.727,0,3,3,13,2,0,0,0,1.8,True
112,2019,1610612748,MIA,Miami Heat,21900126,2019-11-08,MIA @ LAL,L,38,22,7,16,0.438,0,4,0.0,8,8,1.0,2,4,6,3,2,0,0,0,-2.6,False
113,2019,1610612748,MIA,Miami Heat,21900114,2019-11-07,MIA @ PHX,W,34,34,11,16,0.688,2,2,1.0,10,10,1.0,1,4,5,4,0,0,1,4,-0.6,False
114,2019,1610612748,MIA,Miami Heat,21900102,2019-11-05,MIA @ DEN,L,29,16,3,12,0.25,0,3,0.0,10,12,0.833,4,3,7,4,2,0,3,0,-4.6,False
115,2019,1610612748,MIA,Miami Heat,21900086,2019-11-03,MIA vs. HOU,W,27,18,7,15,0.467,2,6,0.333,2,3,0.667,2,5,7,9,4,1,1,2,5.8,True
116,2019,1610612748,MIA,Miami Heat,21900066,2019-10-31,MIA @ ATL,W,35,5,2,10,0.2,0,2,0.0,1,2,0.5,1,8,9,11,6,3,4,1,4.2,False
117,2019,1610612748,MIA,Miami Heat,21900052,2019-10-29,MIA vs. ATL,W,31,21,5,11,0.455,1,2,0.5,10,15,0.667,4,1,5,2,3,0,4,1,3.0,True
133,2018,1610612755,PHI,Philadelphia 76ers,21801212,2019-04-09,PHI @ MIA,L,16,4,2,5,0.4,0,1,0.0,0,0,,0,1,1,1,0,0,2,1,-3.0,False
134,2018,1610612755,PHI,Philadelphia 76ers,21801168,2019-04-03,PHI @ ATL,L,34,16,5,11,0.455,1,4,0.25,5,10,0.5,2,4,6,2,1,0,0,1,-1.4,False
135,2018,1610612755,PHI,Philadelphia 76ers,21801143,2019-03-30,PHI @ MIN,W,36,12,4,17,0.235,1,2,0.5,3,3,1.0,7,6,13,5,2,0,2,2,0.8,False
136,2018,1610612755,PHI,Philadelphia 76ers,21801123,2019-03-28,PHI vs. BKN,W,37,9,3,10,0.3,1,1,1.0,2,2,1.0,2,5,7,3,3,1,1,4,0.8,True
137,2018,1610612755,PHI,Philadelphia 76ers,21801103,2019-03-25,PHI @ ORL,L,33,13,4,10,0.4,0,2,0.0,5,5,1.0,0,6,6,7,1,1,2,1,-3.6,False
138,2018,1610612755,PHI,Philadelphia 76ers,21801088,2019-03-23,PHI @ ATL,L,36,25,6,13,0.462,0,0,,13,13,1.0,2,4,6,4,2,1,1,0,-1.0,False
139,2018,1610612755,PHI,Philadelphia 76ers,21801067,2019-03-20,PHI vs. BOS,W,37,22,7,17,0.412,3,9,0.333,5,5,1.0,2,2,4,2,0,0,0,2,2.2,True
140,2018,1610612755,PHI,Philadelphia 76ers,21801059,2019-03-19,PHI @ CHA,W,38,23,8,19,0.421,1,4,0.25,6,6,1.0,2,2,4,9,2,1,2,3,1.6,False
141,2018,1610612755,PHI,Philadelphia 76ers,21801043,2019-03-17,PHI @ MIL,W,34,27,8,16,0.5,2,2,1.0,9,13,0.692,3,3,6,3,3,0,2,5,1.0,False
142,2018,1610612755,PHI,Philadelphia 76ers,21801027,2019-03-15,PHI vs. SAC,W,35,22,8,14,0.571,0,1,0.0,6,7,0.857,1,5,6,7,2,1,3,2,4.0,True
143,2018,1610612755,PHI,Philadelphia 76ers,21800994,2019-03-10,PHI vs. IND,W,31,12,3,8,0.375,0,0,,6,6,1.0,1,3,4,4,1,1,0,1,1.6,True
144,2018,1610612755,PHI,Philadelphia 76ers,21800981,2019-03-08,PHI @ HOU,L,34,19,8,18,0.444,0,2,0.0,3,4,0.75,7,2,9,3,0,2,3,0,-0.6,False
145,2018,1610612755,PHI,Philadelphia 76ers,21800970,2019-03-06,PHI @ CHI,L,36,22,8,18,0.444,0,1,0.0,6,7,0.857,1,2,3,4,3,0,2,1,1.4,False
146,2018,1610612755,PHI,Philadelphia 76ers,21800960,2019-03-05,PHI vs. ORL,W,34,14,5,10,0.5,0,1,0.0,4,4,1.0,2,0,2,4,3,0,1,0,2.0,True
147,2018,1610612755,PHI,Philadelphia 76ers,21800938,2019-03-02,PHI vs. GSW,L,37,21,5,16,0.313,2,4,0.5,9,11,0.818,5,4,9,2,1,1,2,3,0.2,True
148,2018,1610612755,PHI,Philadelphia 76ers,21800927,2019-02-28,PHI @ OKC,W,37,20,9,20,0.45,0,2,0.0,2,5,0.4,1,7,8,8,2,0,3,3,1.4,False
149,2018,1610612755,PHI,Philadelphia 76ers,21800906,2019-02-25,PHI @ NOP,W,35,11,5,16,0.313,0,2,0.0,1,2,0.5,4,3,7,7,2,1,3,1,-1.2,False
150,2018,1610612755,PHI,Philadelphia 76ers,21800882,2019-02-23,PHI vs. POR,L,30,15,5,9,0.556,0,2,0.0,5,5,1.0,0,2,2,2,0,2,0,1,-2.6,True
151,2018,1610612755,PHI,Philadelphia 76ers,21800868,2019-02-21,PHI vs. MIA,W,35,18,5,14,0.357,0,2,0.0,8,8,1.0,3,3,6,6,1,0,3,1,2.4,True
152,2018,1610612755,PHI,Philadelphia 76ers,21800856,2019-02-13,PHI @ NYK,W,34,13,4,6,0.667,0,0,,5,5,1.0,0,7,7,8,3,2,0,0,6.2,False
153,2018,1610612755,PHI,Philadelphia 76ers,21800849,2019-02-12,PHI vs. BOS,L,36,22,7,12,0.583,1,2,0.5,7,10,0.7,3,6,9,1,0,0,1,1,-0.8,True
154,2018,1610612755,PHI,Philadelphia 76ers,21800835,2019-02-10,PHI vs. LAL,W,31,15,6,10,0.6,1,2,0.5,2,2,1.0,2,2,4,3,0,0,0,0,3.8,True
155,2018,1610612755,PHI,Philadelphia 76ers,21800818,2019-02-08,PHI vs. DEN,W,36,22,4,9,0.444,0,1,0.0,14,14,1.0,1,6,7,5,3,0,0,1,1.8,True
156,2018,1610612755,PHI,Philadelphia 76ers,21800800,2019-02-05,PHI vs. TOR,L,39,18,5,12,0.417,0,2,0.0,8,8,1.0,0,1,1,5,2,0,1,2,-1.0,True
157,2018,1610612755,PHI,Philadelphia 76ers,21800785,2019-02-02,PHI @ SAC,L,39,29,11,18,0.611,4,8,0.5,3,3,1.0,1,3,4,7,2,0,1,5,1.0,False
158,2018,1610612755,PHI,Philadelphia 76ers,21800768,2019-01-31,PHI @ GSW,W,37,7,3,12,0.25,0,6,0.0,1,1,1.0,1,8,9,6,2,0,2,2,1.8,False
159,2018,1610612755,PHI,Philadelphia 76ers,21800755,2019-01-29,PHI @ LAL,W,29,20,7,9,0.778,1,2,0.5,5,6,0.833,3,2,5,6,5,1,1,0,5.2,False
160,2018,1610612755,PHI,Philadelphia 76ers,21800678,2019-01-19,PHI vs. OKC,L,38,18,5,18,0.278,1,6,0.167,7,8,0.875,1,2,3,4,2,2,1,2,-1.6,True
161,2018,1610612755,PHI,Philadelphia 76ers,21800667,2019-01-17,PHI @ IND,W,35,27,10,17,0.588,1,2,0.5,6,6,1.0,1,4,5,8,3,0,0,1,2.2,False
162,2018,1610612755,PHI,Philadelphia 76ers,21800652,2019-01-15,PHI vs. MIN,W,28,19,8,10,0.8,3,4,0.75,0,0,,0,3,3,4,2,1,2,2,4.2,True
163,2018,1610612755,PHI,Philadelphia 76ers,21800638,2019-01-13,PHI @ NYK,W,28,16,7,15,0.467,0,0,,2,2,1.0,3,5,8,2,0,0,1,2,2.4,False
164,2018,1610612755,PHI,Philadelphia 76ers,21800621,2019-01-11,PHI vs. ATL,L,40,30,9,19,0.474,0,1,0.0,12,14,0.857,2,2,4,5,3,0,4,3,0.2,True
165,2018,1610612755,PHI,Philadelphia 76ers,21800608,2019-01-09,PHI @ WAS,L,36,23,7,18,0.389,0,2,0.0,9,10,0.9,6,3,9,2,2,0,1,0,-4.4,False
166,2018,1610612755,PHI,Philadelphia 76ers,21800600,2019-01-08,PHI vs. WAS,W,28,20,8,9,0.889,1,1,1.0,3,6,0.5,1,4,5,3,2,0,3,2,4.0,True
167,2018,1610612755,PHI,Philadelphia 76ers,21800553,2019-01-01,PHI @ LAC,W,29,16,5,13,0.385,1,3,0.333,5,6,0.833,2,4,6,4,0,1,2,2,2.8,False
168,2018,1610612755,PHI,Philadelphia 76ers,21800540,2018-12-30,PHI @ POR,L,26,5,2,12,0.167,0,2,0.0,1,1,1.0,1,2,3,6,1,0,2,0,-4.4,False
169,2018,1610612755,PHI,Philadelphia 76ers,21800515,2018-12-27,PHI @ UTA,W,36,19,7,13,0.538,1,2,0.5,4,4,1.0,0,1,1,1,3,0,0,3,1.2,False
170,2018,1610612755,PHI,Philadelphia 76ers,21800499,2018-12-25,PHI @ BOS,L,43,24,9,21,0.429,3,7,0.429,3,3,1.0,2,3,5,4,3,0,4,1,-2.6,False
171,2018,1610612755,PHI,Philadelphia 76ers,21800481,2018-12-22,PHI vs. TOR,W,29,12,4,10,0.4,0,2,0.0,4,4,1.0,1,6,7,7,3,1,2,3,1.4,True
172,2018,1610612755,PHI,Philadelphia 76ers,21800457,2018-12-19,PHI vs. NYK,W,31,20,6,9,0.667,0,1,0.0,8,10,0.8,1,3,4,4,3,0,0,3,3.2,True
173,2018,1610612755,PHI,Philadelphia 76ers,21800448,2018-12-17,PHI @ SAS,L,30,6,3,13,0.231,0,3,0.0,0,0,,1,2,3,2,1,0,0,0,-4.8,False
174,2018,1610612755,PHI,Philadelphia 76ers,21800437,2018-12-16,PHI @ CLE,W,25,19,6,10,0.6,3,4,0.75,4,5,0.8,0,2,2,2,1,1,0,1,3.6,False
175,2018,1610612755,PHI,Philadelphia 76ers,21800392,2018-12-10,PHI vs. DET,W,10,0,0,3,0.0,0,1,0.0,0,0,,1,3,4,2,0,0,0,1,2.2,True
176,2018,1610612755,PHI,Philadelphia 76ers,21800369,2018-12-07,PHI @ DET,W,39,38,13,27,0.481,1,6,0.167,11,12,0.917,5,1,6,6,3,1,0,1,2.4,False
177,2018,1610612755,PHI,Philadelphia 76ers,21800359,2018-12-05,PHI @ TOR,L,38,38,15,27,0.556,4,7,0.571,4,4,1.0,3,7,10,1,1,1,2,2,0.6,False
178,2018,1610612755,PHI,Philadelphia 76ers,21800340,2018-12-02,PHI vs. MEM,W,33,21,7,17,0.412,0,4,0.0,7,8,0.875,0,3,3,2,0,1,3,3,1.4,True
179,2018,1610612755,PHI,Philadelphia 76ers,21800322,2018-11-30,PHI vs. WAS,W,25,11,5,13,0.385,1,3,0.333,0,0,,4,3,7,4,4,0,0,2,3.8,True
180,2018,1610612755,PHI,Philadelphia 76ers,21800307,2018-11-28,PHI vs. NYK,W,25,7,3,7,0.429,1,2,0.5,0,0,,1,3,4,2,1,1,3,1,3.8,True
181,2018,1610612755,PHI,Philadelphia 76ers,21800289,2018-11-25,PHI @ BKN,W,37,34,11,20,0.55,5,6,0.833,7,7,1.0,6,6,12,2,4,0,1,2,1.2,False
182,2018,1610612755,PHI,Philadelphia 76ers,21800270,2018-11-23,PHI vs. CLE,L,34,22,8,14,0.571,3,4,0.75,3,4,0.75,1,1,2,2,2,1,1,1,-4.0,True
183,2018,1610612755,PHI,Philadelphia 76ers,21800253,2018-11-21,PHI vs. NOP,W,35,13,5,16,0.313,0,3,0.0,3,3,1.0,3,3,6,3,3,1,0,0,0.8,True
184,2018,1610612755,PHI,Philadelphia 76ers,21800242,2018-11-19,PHI vs. PHX,W,32,16,4,9,0.444,0,0,,8,8,1.0,1,2,3,1,2,0,2,3,-0.4,True
185,2018,1610612755,PHI,Philadelphia 76ers,21800225,2018-11-17,PHI @ CHA,W,37,15,4,11,0.364,1,3,0.333,6,7,0.857,1,2,3,4,2,2,4,4,0.6,False
186,2018,1610612755,PHI,Philadelphia 76ers,21800218,2018-11-16,PHI vs. UTA,W,38,28,12,15,0.8,2,3,0.667,2,5,0.4,0,3,3,7,2,0,3,2,2.4,True
187,2018,1610612755,PHI,Philadelphia 76ers,21800202,2018-11-14,PHI @ ORL,L,33,14,6,12,0.5,0,1,0.0,2,2,1.0,1,3,4,2,0,0,2,3,-2.0,False
188,2018,1610612750,MIN,Minnesota Timberwolves,21800173,2018-11-09,MIN @ SAC,L,41,13,3,12,0.25,0,2,0.0,7,10,0.7,2,6,8,8,2,0,3,1,-1.2,False
189,2018,1610612750,MIN,Minnesota Timberwolves,21800162,2018-11-07,MIN @ LAL,L,43,24,9,18,0.5,5,8,0.625,1,1,1.0,2,3,5,5,3,1,0,2,-0.4,False
190,2018,1610612750,MIN,Minnesota Timberwolves,21800148,2018-11-05,MIN @ LAC,L,39,20,6,13,0.462,0,2,0.0,8,11,0.727,0,4,4,5,1,1,2,4,-2.2,False
191,2018,1610612750,MIN,Minnesota Timberwolves,21800124,2018-11-02,MIN @ GSW,L,35,21,10,23,0.435,0,8,0.0,1,2,0.5,2,1,3,5,0,0,0,3,-3.8,False
192,2018,1610612750,MIN,Minnesota Timberwolves,21800093,2018-10-29,MIN vs. LAL,W,37,32,12,20,0.6,6,7,0.857,2,2,1.0,1,5,6,4,1,2,0,1,1.0,True
193,2018,1610612750,MIN,Minnesota Timberwolves,21800071,2018-10-26,MIN vs. MIL,L,24,4,2,11,0.182,0,4,0.0,0,0,,0,5,5,2,2,1,0,1,-4.6,True
194,2018,1610612750,MIN,Minnesota Timberwolves,21800055,2018-10-24,MIN @ TOR,L,37,23,7,13,0.538,4,7,0.571,5,10,0.5,2,2,4,5,6,0,2,2,-1.2,False
195,2018,1610612750,MIN,Minnesota Timberwolves,21800043,2018-10-22,MIN vs. IND,W,37,20,6,12,0.5,0,2,0.0,8,8,1.0,2,1,3,3,1,2,4,2,1.4,True
196,2018,1610612750,MIN,Minnesota Timberwolves,21800021,2018-10-19,MIN vs. CLE,W,36,33,10,12,0.833,1,1,1.0,12,12,1.0,2,5,7,3,4,2,2,0,-0.6,True
197,2018,1610612750,MIN,Minnesota Timberwolves,21800010,2018-10-17,MIN @ SAS,L,32,23,9,23,0.391,1,4,0.25,4,5,0.8,3,4,7,3,4,1,1,2,-0.6,False
203,2017,1610612750,MIN,Minnesota Timberwolves,21701225,2018-04-11,MIN vs. DEN,W,42,31,10,21,0.476,1,4,0.25,10,13,0.769,2,3,5,5,1,1,3,3,-0.2,True
204,2017,1610612750,MIN,Minnesota Timberwolves,21701209,2018-04-09,MIN vs. MEM,W,23,15,3,8,0.375,0,1,0.0,9,11,0.818,2,0,2,3,3,0,1,0,4.2,True
205,2017,1610612750,MIN,Minnesota Timberwolves,21701190,2018-04-06,MIN @ LAL,W,23,18,7,10,0.7,0,1,0.0,4,8,0.5,0,2,2,1,4,0,1,1,2.0,False
206,2017,1610612750,MIN,Minnesota Timberwolves,21700877,2018-02-23,MIN @ HOU,L,25,10,4,14,0.286,1,4,0.25,1,1,1.0,3,2,5,3,1,0,0,1,-1.8,False
207,2017,1610612750,MIN,Minnesota Timberwolves,21700866,2018-02-15,MIN vs. LAL,W,41,24,7,20,0.35,0,7,0.0,10,11,0.909,1,4,5,4,1,3,1,3,2.4,True
208,2017,1610612750,MIN,Minnesota Timberwolves,21700849,2018-02-13,MIN vs. HOU,L,36,15,5,13,0.385,0,3,0.0,5,5,1.0,0,7,7,6,0,0,0,1,-1.8,True
209,2017,1610612750,MIN,Minnesota Timberwolves,21700838,2018-02-11,MIN vs. SAC,W,39,18,5,9,0.556,1,1,1.0,7,9,0.778,1,4,5,3,2,0,3,1,2.2,True
210,2017,1610612750,MIN,Minnesota Timberwolves,21700822,2018-02-09,MIN @ CHI,L,41,38,11,26,0.423,3,9,0.333,13,15,0.867,1,6,7,5,4,0,1,1,1.2,False
211,2017,1610612750,MIN,Minnesota Timberwolves,21700807,2018-02-07,MIN @ CLE,L,46,35,14,21,0.667,4,5,0.8,3,3,1.0,0,5,5,6,2,0,2,2,0.2,False
212,2017,1610612750,MIN,Minnesota Timberwolves,21700780,2018-02-03,MIN vs. NOP,W,37,30,11,21,0.524,2,4,0.5,6,9,0.667,1,7,8,7,2,0,2,1,2.4,True
213,2017,1610612750,MIN,Minnesota Timberwolves,21700763,2018-02-01,MIN vs. MIL,W,40,28,8,15,0.533,2,5,0.4,10,11,0.909,0,4,4,6,1,0,3,1,3.6,True
214,2017,1610612750,MIN,Minnesota Timberwolves,21700746,2018-01-30,MIN @ TOR,L,38,25,9,17,0.529,2,3,0.667,5,10,0.5,1,4,5,6,0,0,0,2,-0.4,False
215,2017,1610612750,MIN,Minnesota Timberwolves,21700739,2018-01-29,MIN @ ATL,L,36,24,7,15,0.467,1,3,0.333,9,9,1.0,2,5,7,3,1,1,4,2,0.2,False
216,2017,1610612750,MIN,Minnesota Timberwolves,21700729,2018-01-27,MIN vs. BKN,W,35,21,4,14,0.286,1,3,0.333,12,14,0.857,1,5,6,5,2,1,0,3,2.0,True
217,2017,1610612750,MIN,Minnesota Timberwolves,21700665,2018-01-18,MIN @ HOU,L,42,23,8,15,0.533,0,1,0.0,7,8,0.875,1,3,4,2,2,1,1,1,-2.0,False
218,2017,1610612750,MIN,Minnesota Timberwolves,21700649,2018-01-16,MIN @ ORL,L,39,28,11,22,0.5,2,5,0.4,4,4,1.0,4,3,7,4,5,2,0,3,-1.0,False
219,2017,1610612750,MIN,Minnesota Timberwolves,21700637,2018-01-14,MIN vs. POR,W,34,24,7,11,0.636,1,1,1.0,9,11,0.818,1,4,5,4,2,0,0,2,4.6,True
220,2017,1610612750,MIN,Minnesota Timberwolves,21700623,2018-01-12,MIN vs. NYK,W,34,13,6,12,0.5,1,3,0.333,0,1,0.0,1,3,4,2,3,1,2,1,0.0,True
221,2017,1610612750,MIN,Minnesota Timberwolves,21700611,2018-01-10,MIN vs. OKC,W,36,26,7,13,0.538,1,2,0.5,11,12,0.917,1,6,7,8,4,2,4,0,2.6,True
222,2017,1610612750,MIN,Minnesota Timberwolves,21700594,2018-01-08,MIN vs. CLE,W,27,21,7,13,0.538,4,6,0.667,3,4,0.75,2,6,8,9,3,0,2,1,7.8,True
223,2017,1610612750,MIN,Minnesota Timberwolves,21700584,2018-01-06,MIN vs. NOP,W,32,21,7,15,0.467,2,2,1.0,5,6,0.833,5,2,7,8,1,0,2,0,5.0,True
224,2017,1610612750,MIN,Minnesota Timberwolves,21700570,2018-01-05,MIN @ BOS,L,35,14,3,12,0.25,0,3,0.0,8,10,0.8,2,0,2,6,3,0,4,1,-0.4,False
225,2017,1610612750,MIN,Minnesota Timberwolves,21700557,2018-01-03,MIN @ BKN,L,39,30,7,17,0.412,0,2,0.0,16,18,0.889,2,1,3,4,2,1,2,1,0.4,False
226,2017,1610612750,MIN,Minnesota Timberwolves,21700548,2018-01-01,MIN vs. LAL,W,37,28,8,14,0.571,1,1,1.0,11,11,1.0,1,2,3,9,3,1,7,2,3.2,True
227,2017,1610612750,MIN,Minnesota Timberwolves,21700538,2017-12-31,MIN @ IND,W,27,26,8,11,0.727,0,0,,10,11,0.909,2,4,6,5,3,0,1,0,6.2,False
228,2017,1610612750,MIN,Minnesota Timberwolves,21700518,2017-12-28,MIN @ MIL,L,43,20,6,16,0.375,1,6,0.167,7,7,1.0,2,3,5,7,2,0,4,2,-0.4,False
229,2017,1610612750,MIN,Minnesota Timberwolves,21700510,2017-12-27,MIN vs. DEN,W,42,39,10,20,0.5,3,6,0.5,16,18,0.889,0,4,4,5,1,0,1,0,1.0,True
230,2017,1610612750,MIN,Minnesota Timberwolves,21700497,2017-12-25,MIN @ LAL,W,41,23,11,20,0.55,1,7,0.143,0,0,,1,4,5,8,2,0,2,0,3.4,False
231,2017,1610612750,MIN,Minnesota Timberwolves,21700490,2017-12-23,MIN @ PHX,W,38,32,10,19,0.526,0,3,0.0,12,13,0.923,2,4,6,3,0,1,1,2,0.4,False
232,2017,1610612750,MIN,Minnesota Timberwolves,21700462,2017-12-20,MIN @ DEN,W,35,25,8,15,0.533,1,4,0.25,8,8,1.0,1,1,2,4,2,0,3,1,-1.0,False
233,2017,1610612750,MIN,Minnesota Timberwolves,21700446,2017-12-18,MIN vs. POR,W,35,37,12,21,0.571,2,3,0.667,11,12,0.917,1,5,6,4,2,0,0,0,3.0,True
234,2017,1610612750,MIN,Minnesota Timberwolves,21700434,2017-12-16,MIN vs. PHX,L,37,10,5,18,0.278,0,3,0.0,0,0,,1,5,6,2,3,0,1,1,1.4,True
235,2017,1610612750,MIN,Minnesota Timberwolves,21700416,2017-12-14,MIN vs. SAC,W,36,21,7,10,0.7,0,0,,7,7,1.0,1,6,7,9,2,2,0,0,2.6,True
236,2017,1610612750,MIN,Minnesota Timberwolves,21700401,2017-12-12,MIN vs. PHI,L,46,38,15,33,0.455,3,9,0.333,5,5,1.0,3,3,6,3,1,0,1,1,-1.2,True
237,2017,1610612750,MIN,Minnesota Timberwolves,21700388,2017-12-10,MIN vs. DAL,W,41,22,9,17,0.529,2,6,0.333,2,3,0.667,0,8,8,5,2,0,1,1,1.0,True
238,2017,1610612750,MIN,Minnesota Timberwolves,21700362,2017-12-06,MIN @ LAC,W,43,19,7,12,0.583,0,2,0.0,5,5,1.0,1,7,8,8,0,0,1,2,1.8,False
239,2017,1610612750,MIN,Minnesota Timberwolves,21700345,2017-12-04,MIN @ MEM,L,40,30,11,21,0.524,2,7,0.286,6,7,0.857,1,1,2,5,4,0,2,2,0.6,False
240,2017,1610612750,MIN,Minnesota Timberwolves,21700336,2017-12-03,MIN vs. LAC,W,40,33,10,20,0.5,2,4,0.5,11,13,0.846,3,5,8,4,1,1,1,2,2.4,True
241,2017,1610612750,MIN,Minnesota Timberwolves,21700324,2017-12-01,MIN @ OKC,L,41,22,7,16,0.438,1,3,0.333,7,7,1.0,1,2,3,7,3,2,3,2,0.0,False
242,2017,1610612750,MIN,Minnesota Timberwolves,21700309,2017-11-29,MIN @ NOP,W,33,19,8,12,0.667,1,2,0.5,2,2,1.0,0,4,4,3,1,0,2,0,3.2,False
243,2017,1610612750,MIN,Minnesota Timberwolves,21700300,2017-11-28,MIN vs. WAS,L,38,17,5,17,0.294,3,9,0.333,4,4,1.0,5,2,7,10,1,0,1,1,2.4,True
244,2017,1610612750,MIN,Minnesota Timberwolves,21700288,2017-11-26,MIN vs. PHX,W,36,25,11,19,0.579,0,1,0.0,3,5,0.6,0,4,4,5,3,1,1,2,3.8,True
245,2017,1610612750,MIN,Minnesota Timberwolves,21700272,2017-11-24,MIN vs. MIA,L,35,18,7,17,0.412,1,1,1.0,3,6,0.5,2,4,6,4,0,0,2,0,-2.2,True
246,2017,1610612750,MIN,Minnesota Timberwolves,21700261,2017-11-22,MIN vs. ORL,W,36,26,10,19,0.526,3,4,0.75,3,5,0.6,1,2,3,3,2,0,1,1,3.0,True
247,2017,1610612750,MIN,Minnesota Timberwolves,21700241,2017-11-20,MIN @ CHA,L,33,14,6,15,0.4,1,4,0.25,1,1,1.0,3,4,7,0,1,0,1,2,-2.2,False
248,2017,1610612750,MIN,Minnesota Timberwolves,21700238,2017-11-19,MIN vs. DET,L,42,26,10,15,0.667,2,5,0.4,4,6,0.667,1,9,10,4,5,0,5,1,1.6,True
249,2017,1610612750,MIN,Minnesota Timberwolves,21700224,2017-11-17,MIN @ DAL,W,37,21,8,19,0.421,3,5,0.6,2,2,1.0,0,8,8,4,2,0,1,2,4.2,False
250,2017,1610612750,MIN,Minnesota Timberwolves,21700210,2017-11-15,MIN vs. SAS,W,33,6,2,13,0.154,0,1,0.0,2,2,1.0,1,4,5,5,3,1,1,0,1.2,True
251,2017,1610612750,MIN,Minnesota Timberwolves,21700197,2017-11-13,MIN @ UTA,W,39,21,6,12,0.5,0,2,0.0,9,10,0.9,2,2,4,10,2,1,2,0,2.2,False
252,2017,1610612750,MIN,Minnesota Timberwolves,21700186,2017-11-11,MIN @ PHX,L,40,25,5,17,0.294,1,3,0.333,14,16,0.875,4,2,6,5,1,1,3,2,-1.8,False
253,2017,1610612750,MIN,Minnesota Timberwolves,21700163,2017-11-08,MIN @ GSW,L,31,11,5,12,0.417,1,2,0.5,0,0,,0,3,3,5,2,0,1,1,-3.2,False
254,2017,1610612750,MIN,Minnesota Timberwolves,21700143,2017-11-05,MIN vs. CHA,W,30,13,4,6,0.667,2,2,1.0,3,3,1.0,2,4,6,1,1,0,3,1,2.4,True
255,2017,1610612750,MIN,Minnesota Timberwolves,21700134,2017-11-04,MIN vs. DAL,W,34,4,1,7,0.143,0,2,0.0,2,2,1.0,0,5,5,7,0,0,2,3,2.6,True
256,2017,1610612750,MIN,Minnesota Timberwolves,21700113,2017-11-01,MIN @ NOP,W,33,23,8,18,0.444,0,3,0.0,7,10,0.7,0,4,4,2,3,0,2,0,-1.6,False
257,2017,1610612750,MIN,Minnesota Timberwolves,21700093,2017-10-30,MIN @ MIA,W,40,16,5,13,0.385,1,3,0.333,5,5,1.0,1,4,5,3,3,0,4,5,1.0,False
258,2017,1610612750,MIN,Minnesota Timberwolves,21700074,2017-10-27,MIN vs. OKC,W,38,25,7,10,0.7,0,0,,11,13,0.846,2,3,5,7,0,0,1,1,2.2,True
259,2017,1610612750,MIN,Minnesota Timberwolves,21700039,2017-10-22,MIN @ OKC,W,39,15,7,17,0.412,1,4,0.25,0,0,,0,6,6,6,0,0,1,2,2.0,False
260,2017,1610612750,MIN,Minnesota Timberwolves,21700023,2017-10-20,MIN vs. UTA,W,39,13,5,14,0.357,0,2,0.0,3,3,1.0,0,7,7,3,5,0,4,1,-1.6,True
261,2017,1610612750,MIN,Minnesota Timberwolves,21700011,2017-10-18,MIN @ SAS,L,35,12,5,12,0.417,2,3,0.667,0,0,,0,4,4,3,1,0,3,3,-3.8,False
271,2016,1610612741,CHI,Chicago Bulls,21601222,2017-04-12,CHI vs. BKN,W,35,25,8,19,0.421,1,3,0.333,8,9,0.889,1,5,6,4,4,2,1,1,5.2,True
272,2016,1610612741,CHI,Chicago Bulls,21601206,2017-04-10,CHI vs. ORL,W,31,17,5,11,0.455,0,1,0.0,7,7,1.0,2,3,5,3,3,0,2,2,6.2,True
273,2016,1610612741,CHI,Chicago Bulls,21601188,2017-04-08,CHI @ BKN,L,38,33,12,22,0.545,5,5,1.0,4,4,1.0,1,6,7,4,0,0,3,0,-0.6,False
274,2016,1610612741,CHI,Chicago Bulls,21601173,2017-04-06,CHI @ PHI,W,37,19,5,12,0.417,0,1,0.0,9,9,1.0,0,10,10,10,2,0,6,0,3.6,False
275,2016,1610612741,CHI,Chicago Bulls,21601160,2017-04-04,CHI @ NYK,L,40,26,9,18,0.5,1,3,0.333,7,9,0.778,1,2,3,4,1,2,3,4,-1.2,False
276,2016,1610612741,CHI,Chicago Bulls,21601146,2017-04-02,CHI @ NOP,W,39,39,14,26,0.538,3,3,1.0,8,10,0.8,3,3,6,5,1,1,1,0,0.0,False
277,2016,1610612741,CHI,Chicago Bulls,21601138,2017-04-01,CHI vs. ATL,W,43,33,11,20,0.55,1,2,0.5,10,10,1.0,1,4,5,8,0,1,1,3,0.2,True
278,2016,1610612741,CHI,Chicago Bulls,21601122,2017-03-30,CHI vs. CLE,W,38,25,10,17,0.588,2,2,1.0,3,6,0.5,2,4,6,5,2,0,1,0,0.4,True
279,2016,1610612741,CHI,Chicago Bulls,21601090,2017-03-26,CHI @ MIL,W,39,20,8,13,0.615,1,1,1.0,3,5,0.6,1,5,6,14,3,0,6,1,4.6,False
280,2016,1610612741,CHI,Chicago Bulls,21601077,2017-03-24,CHI vs. PHI,L,42,36,10,24,0.417,0,1,0.0,16,21,0.762,3,4,7,11,3,0,0,1,-1.0,True
281,2016,1610612741,CHI,Chicago Bulls,21601061,2017-03-22,CHI vs. DET,W,34,16,6,6,1.0,0,0,,4,4,1.0,2,3,5,12,2,0,0,1,4.0,True
282,2016,1610612741,CHI,Chicago Bulls,21601051,2017-03-21,CHI @ TOR,L,44,37,11,21,0.524,3,7,0.429,12,14,0.857,2,8,10,6,1,2,0,1,-1.2,False
283,2016,1610612741,CHI,Chicago Bulls,21601032,2017-03-18,CHI vs. UTA,W,38,23,8,18,0.444,0,1,0.0,7,7,1.0,2,2,4,7,3,2,2,1,0.2,True
284,2016,1610612741,CHI,Chicago Bulls,21601021,2017-03-17,CHI @ WAS,L,38,28,10,17,0.588,2,3,0.667,6,8,0.75,2,3,5,5,3,0,2,2,-1.2,False
285,2016,1610612741,CHI,Chicago Bulls,21601009,2017-03-15,CHI vs. MEM,L,40,14,4,16,0.25,0,3,0.0,6,8,0.75,3,4,7,1,0,2,1,0,-1.8,True
286,2016,1610612741,CHI,Chicago Bulls,21600991,2017-03-13,CHI @ CHA,W,38,23,8,15,0.533,2,5,0.4,5,6,0.833,1,5,6,11,2,2,2,1,2.2,False
287,2016,1610612741,CHI,Chicago Bulls,21600985,2017-03-12,CHI @ BOS,L,32,5,2,11,0.182,1,2,0.5,0,0,,2,5,7,3,2,0,1,0,-2.4,False
288,2016,1610612741,CHI,Chicago Bulls,21600966,2017-03-10,CHI vs. HOU,L,31,16,6,12,0.5,0,2,0.0,4,4,1.0,3,2,5,4,1,0,1,1,-4.0,True
289,2016,1610612741,CHI,Chicago Bulls,21600949,2017-03-08,CHI @ ORL,L,38,21,7,21,0.333,3,8,0.375,4,5,0.8,1,3,4,9,1,1,5,0,-1.6,False
290,2016,1610612741,CHI,Chicago Bulls,21600938,2017-03-06,CHI @ DET,L,39,27,7,16,0.438,1,6,0.167,12,13,0.923,3,6,9,4,1,1,5,0,-1.0,False
291,2016,1610612741,CHI,Chicago Bulls,21600922,2017-03-04,CHI vs. LAC,L,36,16,4,7,0.571,1,1,1.0,7,8,0.875,2,2,4,6,3,0,2,1,-1.2,True
292,2016,1610612741,CHI,Chicago Bulls,21600906,2017-03-02,CHI vs. GSW,W,35,22,6,14,0.429,0,1,0.0,10,10,1.0,0,5,5,6,4,1,2,1,1.8,True
293,2016,1610612741,CHI,Chicago Bulls,21600891,2017-02-28,CHI vs. DEN,L,35,8,3,13,0.231,0,2,0.0,2,2,1.0,3,1,4,3,3,0,0,1,-4.0,True
294,2016,1610612741,CHI,Chicago Bulls,21600871,2017-02-25,CHI @ CLE,W,39,18,7,19,0.368,4,6,0.667,0,0,,1,9,10,10,1,0,1,1,4.0,False
295,2016,1610612741,CHI,Chicago Bulls,21600859,2017-02-24,CHI vs. PHX,W,43,22,8,21,0.381,1,4,0.25,5,6,0.833,2,1,3,9,4,0,3,2,2.6,True
297,2016,1610612741,CHI,Chicago Bulls,21600849,2017-02-16,CHI vs. BOS,W,40,29,9,20,0.45,2,5,0.4,9,9,1.0,2,2,4,7,0,1,1,2,2.0,True
298,2016,1610612741,CHI,Chicago Bulls,21600831,2017-02-14,CHI vs. TOR,W,38,19,2,10,0.2,0,3,0.0,15,19,0.789,1,1,2,12,5,0,4,4,2.6,True
299,2016,1610612741,CHI,Chicago Bulls,21600807,2017-02-10,CHI @ PHX,L,30,20,6,16,0.375,0,3,0.0,8,9,0.889,2,1,3,6,2,0,2,3,-0.8,False
300,2016,1610612741,CHI,Chicago Bulls,21600740,2017-02-01,CHI @ OKC,W,30,28,11,17,0.647,0,1,0.0,6,8,0.75,2,2,4,5,3,0,1,2,4.2,False
301,2016,1610612741,CHI,Chicago Bulls,21600716,2017-01-29,CHI vs. PHI,W,39,28,8,18,0.444,0,0,,12,15,0.8,2,6,8,7,4,0,3,2,2.6,True
302,2016,1610612741,CHI,Chicago Bulls,21600700,2017-01-27,CHI vs. MIA,L,33,3,1,13,0.077,0,2,0.0,1,2,0.5,1,2,3,2,0,1,3,2,-4.6,True
303,2016,1610612741,CHI,Chicago Bulls,21600683,2017-01-25,CHI vs. ATL,L,40,40,13,22,0.591,4,8,0.5,10,10,1.0,2,2,4,3,3,0,1,0,-0.6,True
304,2016,1610612741,CHI,Chicago Bulls,21600677,2017-01-24,CHI @ ORL,W,39,20,7,14,0.5,0,3,0.0,6,7,0.857,2,6,8,4,4,0,0,0,0.6,False
305,2016,1610612741,CHI,Chicago Bulls,21600660,2017-01-21,CHI vs. SAC,W,39,23,6,14,0.429,1,3,0.333,10,10,1.0,0,5,5,7,0,0,2,1,2.8,True
306,2016,1610612741,CHI,Chicago Bulls,21600647,2017-01-20,CHI @ ATL,L,29,19,6,8,0.75,2,2,1.0,5,5,1.0,0,0,0,3,1,0,4,0,-4.4,False
307,2016,1610612741,CHI,Chicago Bulls,21600624,2017-01-17,CHI vs. DAL,L,40,24,5,12,0.417,0,1,0.0,14,16,0.875,2,7,9,12,1,0,3,1,2.0,True
308,2016,1610612741,CHI,Chicago Bulls,21600611,2017-01-15,CHI @ MEM,W,38,16,6,14,0.429,1,5,0.2,3,7,0.429,0,8,8,6,3,0,2,2,-1.2,False
309,2016,1610612741,CHI,Chicago Bulls,21600602,2017-01-14,CHI vs. NOP,W,39,28,9,16,0.563,3,4,0.75,7,10,0.7,1,7,8,6,4,2,3,1,0.2,True
310,2016,1610612741,CHI,Chicago Bulls,21600569,2017-01-09,CHI vs. OKC,L,29,1,0,6,0.0,0,2,0.0,1,2,0.5,0,2,2,7,0,0,1,0,-3.0,True
311,2016,1610612741,CHI,Chicago Bulls,21600554,2017-01-07,CHI vs. TOR,W,44,42,10,25,0.4,4,8,0.5,18,20,0.9,4,6,10,5,2,0,4,1,1.6,True
312,2016,1610612741,CHI,Chicago Bulls,21600532,2017-01-04,CHI @ CLE,W,38,20,7,20,0.35,3,8,0.375,3,4,0.75,3,3,6,8,1,0,0,2,3.0,False
313,2016,1610612741,CHI,Chicago Bulls,21600517,2017-01-02,CHI vs. CHA,W,38,52,15,24,0.625,1,4,0.25,21,22,0.955,3,9,12,6,3,1,2,0,3.0,True
314,2016,1610612741,CHI,Chicago Bulls,21600503,2016-12-31,CHI vs. MIL,L,38,26,7,16,0.438,2,6,0.333,10,15,0.667,3,4,7,8,2,0,3,1,-0.8,True
315,2016,1610612741,CHI,Chicago Bulls,21600492,2016-12-30,CHI @ IND,L,38,25,8,17,0.471,0,3,0.0,9,11,0.818,0,6,6,3,2,0,4,5,-3.0,False
316,2016,1610612741,CHI,Chicago Bulls,21600480,2016-12-28,CHI vs. BKN,W,38,40,14,29,0.483,1,2,0.5,11,11,1.0,6,4,10,4,4,0,3,2,0.8,True
317,2016,1610612741,CHI,Chicago Bulls,21600465,2016-12-26,CHI vs. IND,W,40,16,3,12,0.25,1,3,0.333,9,12,0.75,0,5,5,5,2,0,2,1,0.6,True
318,2016,1610612741,CHI,Chicago Bulls,21600458,2016-12-25,CHI @ SAS,L,36,19,8,19,0.421,1,3,0.333,2,2,1.0,1,4,5,3,1,0,0,3,-3.8,False
319,2016,1610612741,CHI,Chicago Bulls,21600442,2016-12-23,CHI @ CHA,L,39,26,11,19,0.579,2,4,0.5,2,2,1.0,0,4,4,4,0,1,2,2,-1.4,False
320,2016,1610612741,CHI,Chicago Bulls,21600432,2016-12-21,CHI vs. WAS,L,39,20,6,20,0.3,0,4,0.0,8,9,0.889,5,6,11,5,0,0,4,4,-1.2,True
321,2016,1610612741,CHI,Chicago Bulls,21600414,2016-12-19,CHI vs. DET,W,30,19,6,7,0.857,1,1,1.0,6,6,1.0,1,2,3,6,2,0,0,0,5.0,True
322,2016,1610612741,CHI,Chicago Bulls,21600393,2016-12-16,CHI vs. MIL,L,30,7,3,14,0.214,1,5,0.2,0,0,,2,5,7,6,1,0,1,3,-2.4,True
323,2016,1610612741,CHI,Chicago Bulls,21600384,2016-12-15,CHI @ MIL,L,38,21,6,16,0.375,1,3,0.333,8,10,0.8,0,3,3,3,2,0,2,1,-1.6,False
324,2016,1610612741,CHI,Chicago Bulls,21600370,2016-12-13,CHI vs. MIN,L,39,27,9,22,0.409,1,2,0.5,8,9,0.889,1,8,9,6,3,1,2,2,-3.0,True
325,2016,1610612741,CHI,Chicago Bulls,21600350,2016-12-10,CHI vs. MIA,W,38,31,8,15,0.533,0,0,,15,16,0.938,1,6,7,4,3,0,2,2,0.6,True
326,2016,1610612741,CHI,Chicago Bulls,21600336,2016-12-08,CHI vs. SAS,W,38,13,4,14,0.286,1,3,0.333,4,5,0.8,2,7,9,4,2,1,3,2,1.2,True
327,2016,1610612741,CHI,Chicago Bulls,21600317,2016-12-06,CHI @ DET,L,43,32,11,21,0.524,0,4,0.0,10,10,1.0,0,6,6,4,0,1,3,1,-0.6,False
328,2016,1610612741,CHI,Chicago Bulls,21600308,2016-12-05,CHI vs. POR,L,37,26,8,16,0.5,2,4,0.5,8,8,1.0,2,5,7,5,1,2,2,1,0.4,True
329,2016,1610612741,CHI,Chicago Bulls,21600296,2016-12-03,CHI @ DAL,L,36,26,8,18,0.444,0,3,0.0,10,12,0.833,1,8,9,4,2,0,3,3,-2.0,False
330,2016,1610612741,CHI,Chicago Bulls,21600286,2016-12-02,CHI vs. CLE,W,42,26,8,20,0.4,0,3,0.0,10,12,0.833,3,5,8,6,3,2,1,1,1.8,True
331,2016,1610612741,CHI,Chicago Bulls,21600269,2016-11-30,CHI vs. LAL,L,40,22,4,18,0.222,1,6,0.167,13,15,0.867,1,3,4,2,3,0,4,3,1.6,True
332,2016,1610612741,CHI,Chicago Bulls,21600229,2016-11-25,CHI @ PHI,W,31,26,10,15,0.667,1,2,0.5,5,6,0.833,1,3,4,3,1,0,0,1,4.0,False
333,2016,1610612741,CHI,Chicago Bulls,21600210,2016-11-22,CHI @ DEN,L,39,35,11,20,0.55,2,4,0.5,11,12,0.917,0,7,7,5,0,2,1,3,3.6,False
334,2016,1610612741,CHI,Chicago Bulls,21600198,2016-11-20,CHI @ LAL,W,40,40,14,23,0.609,0,1,0.0,12,14,0.857,4,3,7,6,1,0,1,1,2.8,False
335,2016,1610612741,CHI,Chicago Bulls,21600192,2016-11-19,CHI @ LAC,L,38,22,5,18,0.278,1,5,0.2,11,12,0.917,3,3,6,1,0,0,2,1,-1.6,False
336,2016,1610612741,CHI,Chicago Bulls,21600173,2016-11-17,CHI @ UTA,W,41,20,7,19,0.368,2,4,0.5,4,6,0.667,2,10,12,3,2,0,1,0,-0.4,False
337,2016,1610612741,CHI,Chicago Bulls,21600156,2016-11-15,CHI @ POR,W,34,27,9,16,0.563,1,1,1.0,8,8,1.0,3,9,12,5,0,0,4,2,5.0,False
338,2016,1610612741,CHI,Chicago Bulls,21600133,2016-11-12,CHI vs. WAS,W,38,37,11,23,0.478,1,3,0.333,14,14,1.0,2,6,8,9,3,0,2,2,3.2,True
339,2016,1610612741,CHI,Chicago Bulls,21600118,2016-11-10,CHI @ MIA,W,38,20,5,11,0.455,1,2,0.5,9,10,0.9,1,3,4,5,3,0,2,1,-0.2,False
340,2016,1610612741,CHI,Chicago Bulls,21600111,2016-11-09,CHI @ ATL,L,39,39,13,24,0.542,4,9,0.444,9,12,0.75,1,3,4,7,6,0,4,1,1.6,False
341,2016,1610612741,CHI,Chicago Bulls,21600096,2016-11-07,CHI vs. ORL,W,31,20,5,13,0.385,0,2,0.0,10,10,1.0,2,3,5,7,4,0,3,0,4.8,True
342,2016,1610612741,CHI,Chicago Bulls,21600083,2016-11-05,CHI @ IND,L,32,16,5,7,0.714,1,1,1.0,5,6,0.833,0,4,4,2,0,0,6,3,-3.6,False
343,2016,1610612741,CHI,Chicago Bulls,21600073,2016-11-04,CHI vs. NYK,L,37,26,7,15,0.467,1,4,0.25,11,11,1.0,2,3,5,2,1,0,2,0,-1.6,True
344,2016,1610612741,CHI,Chicago Bulls,21600061,2016-11-02,CHI @ BOS,L,36,23,8,21,0.381,2,5,0.4,5,5,1.0,2,7,9,2,0,0,2,5,-1.2,False
345,2016,1610612741,CHI,Chicago Bulls,21600043,2016-10-31,CHI @ BKN,W,27,22,6,10,0.6,2,3,0.667,8,9,0.889,1,5,6,2,0,0,1,3,4.8,False
346,2016,1610612741,CHI,Chicago Bulls,21600030,2016-10-29,CHI vs. IND,W,26,16,6,9,0.667,0,2,0.0,4,4,1.0,2,3,5,3,1,0,0,2,2.2,True
347,2016,1610612741,CHI,Chicago Bulls,21600015,2016-10-27,CHI vs. BOS,W,37,24,6,17,0.353,4,6,0.667,8,12,0.667,3,4,7,3,2,0,0,2,1.6,True
358,2015,1610612741,CHI,Chicago Bulls,21501222,2016-04-13,CHI vs. PHI,W,26,10,4,12,0.333,0,0,,2,3,0.667,5,7,12,10,0,1,3,1,2.8,True
359,2015,1610612741,CHI,Chicago Bulls,21501208,2016-04-11,CHI @ NOP,W,29,23,8,11,0.727,1,1,1.0,6,7,0.857,0,3,3,11,0,1,4,1,1.2,False
360,2015,1610612741,CHI,Chicago Bulls,21501191,2016-04-09,CHI vs. CLE,W,39,21,7,17,0.412,2,3,0.667,5,5,1.0,1,1,2,6,3,0,2,3,-1.4,True
361,2015,1610612741,CHI,Chicago Bulls,21501174,2016-04-07,CHI @ MIA,L,40,25,7,17,0.412,1,4,0.25,10,10,1.0,0,1,1,6,0,1,4,1,-2.6,False
362,2015,1610612741,CHI,Chicago Bulls,21501158,2016-04-05,CHI @ MEM,L,35,5,2,8,0.25,0,4,0.0,1,2,0.5,2,2,4,2,1,0,2,0,-2.4,False
363,2015,1610612741,CHI,Chicago Bulls,21501150,2016-04-03,CHI @ MIL,W,38,25,10,11,0.909,1,2,0.5,4,4,1.0,1,4,5,8,1,1,2,1,1.4,False
364,2015,1610612741,CHI,Chicago Bulls,21501139,2016-04-02,CHI vs. DET,L,39,28,10,25,0.4,1,7,0.143,7,8,0.875,5,12,17,12,3,2,3,4,0.4,True
365,2015,1610612741,CHI,Chicago Bulls,21501124,2016-03-31,CHI @ HOU,W,39,21,8,13,0.615,1,2,0.5,4,4,1.0,1,7,8,6,2,1,3,1,0.6,False
366,2015,1610612741,CHI,Chicago Bulls,21501107,2016-03-29,CHI @ IND,W,36,14,6,10,0.6,0,2,0.0,2,2,1.0,1,3,4,3,2,0,1,4,-2.4,False
367,2015,1610612741,CHI,Chicago Bulls,21501099,2016-03-28,CHI vs. ATL,L,35,15,5,16,0.313,2,7,0.286,3,3,1.0,4,4,8,4,0,0,0,2,-0.4,True
368,2015,1610612741,CHI,Chicago Bulls,21501083,2016-03-26,CHI @ ORL,L,30,12,5,10,0.5,0,1,0.0,2,4,0.5,0,5,5,1,2,1,1,2,-1.4,False
369,2015,1610612741,CHI,Chicago Bulls,21501070,2016-03-24,CHI @ NYK,L,39,19,7,15,0.467,1,3,0.333,4,6,0.667,1,2,3,3,3,1,4,3,-2.2,False
370,2015,1610612741,CHI,Chicago Bulls,21501060,2016-03-23,CHI vs. NYK,L,36,7,3,11,0.273,0,1,0.0,1,2,0.5,1,3,4,8,2,1,0,1,-2.2,True
371,2015,1610612741,CHI,Chicago Bulls,21501049,2016-03-21,CHI vs. SAC,W,35,11,3,10,0.3,0,1,0.0,5,7,0.714,2,1,3,8,5,0,0,0,3.2,True
372,2015,1610612741,CHI,Chicago Bulls,21501034,2016-03-19,CHI vs. UTA,W,33,13,6,14,0.429,0,0,,1,2,0.5,0,5,5,6,0,0,1,1,1.0,True
373,2015,1610612741,CHI,Chicago Bulls,21501016,2016-03-17,CHI vs. BKN,W,32,22,7,12,0.583,0,1,0.0,8,8,1.0,0,3,3,7,1,0,1,1,1.6,True
374,2015,1610612741,CHI,Chicago Bulls,21501006,2016-03-16,CHI @ WAS,L,29,17,4,12,0.333,0,2,0.0,9,11,0.818,1,5,6,3,3,0,1,1,-5.2,False
375,2015,1610612741,CHI,Chicago Bulls,21500991,2016-03-14,CHI @ TOR,W,34,13,5,18,0.278,0,2,0.0,3,4,0.75,1,4,5,6,0,2,0,1,-1.8,False
376,2015,1610612741,CHI,Chicago Bulls,21500927,2016-03-05,CHI vs. HOU,W,34,24,6,13,0.462,1,2,0.5,11,12,0.917,0,11,11,6,1,0,5,6,5.6,True
377,2015,1610612741,CHI,Chicago Bulls,21500757,2016-02-05,CHI @ DEN,L,18,19,6,9,0.667,0,0,,7,9,0.778,0,2,2,5,2,0,1,0,-0.2,False
378,2015,1610612741,CHI,Chicago Bulls,21500728,2016-02-01,CHI @ UTA,L,47,26,10,17,0.588,2,5,0.4,4,7,0.571,0,7,7,6,0,0,3,3,-0.8,False
379,2015,1610612741,CHI,Chicago Bulls,21500714,2016-01-31,CHI @ LAC,L,37,23,8,22,0.364,2,4,0.5,5,7,0.714,1,0,1,0,1,0,0,0,-1.8,False
380,2015,1610612741,CHI,Chicago Bulls,21500697,2016-01-28,CHI @ LAL,W,31,26,11,17,0.647,1,2,0.5,3,3,1.0,1,4,5,10,4,0,0,1,6.2,False
381,2015,1610612741,CHI,Chicago Bulls,21500669,2016-01-25,CHI vs. MIA,L,40,13,5,15,0.333,1,1,1.0,2,2,1.0,1,5,6,4,0,0,2,1,-0.2,True
382,2015,1610612741,CHI,Chicago Bulls,21500659,2016-01-23,CHI @ CLE,W,42,20,8,16,0.5,2,3,0.667,2,2,1.0,2,7,9,1,0,0,0,2,0.4,False
383,2015,1610612741,CHI,Chicago Bulls,21500646,2016-01-22,CHI @ BOS,L,38,28,10,20,0.5,0,3,0.0,8,8,1.0,4,10,14,3,2,0,4,0,-3.0,False
384,2015,1610612741,CHI,Chicago Bulls,21500634,2016-01-20,CHI vs. GSW,L,35,23,7,16,0.438,0,2,0.0,9,12,0.75,2,3,5,2,0,0,2,0,-5.6,True
385,2015,1610612741,CHI,Chicago Bulls,21500619,2016-01-18,CHI @ DET,W,37,16,5,13,0.385,0,3,0.0,6,8,0.75,0,3,3,9,2,0,5,2,0.2,False
386,2015,1610612741,CHI,Chicago Bulls,21500597,2016-01-15,CHI vs. DAL,L,36,4,2,11,0.182,0,4,0.0,0,0,,0,5,5,6,2,0,0,1,-1.4,True
387,2015,1610612741,CHI,Chicago Bulls,21500587,2016-01-14,CHI @ PHI,W,49,53,15,30,0.5,2,4,0.5,21,25,0.84,4,6,10,6,3,0,4,4,2.2,False
388,2015,1610612741,CHI,Chicago Bulls,21500573,2016-01-12,CHI @ MIL,L,41,30,9,21,0.429,2,5,0.4,10,12,0.833,2,6,8,6,0,1,4,0,-0.4,False
389,2015,1610612741,CHI,Chicago Bulls,21500567,2016-01-11,CHI vs. WAS,L,38,19,6,15,0.4,1,3,0.333,6,7,0.857,2,2,4,7,3,0,2,2,-1.6,True
390,2015,1610612741,CHI,Chicago Bulls,21500551,2016-01-09,CHI @ ATL,L,39,27,8,17,0.471,1,3,0.333,10,12,0.833,4,4,8,2,1,1,3,4,-1.8,False
391,2015,1610612741,CHI,Chicago Bulls,21500537,2016-01-07,CHI vs. BOS,W,39,19,5,14,0.357,1,3,0.333,8,9,0.889,0,5,5,10,1,1,3,1,2.4,True
392,2015,1610612741,CHI,Chicago Bulls,21500522,2016-01-05,CHI vs. MIL,W,39,32,11,21,0.524,2,5,0.4,8,8,1.0,0,2,2,10,1,0,2,1,2.6,True
393,2015,1610612741,CHI,Chicago Bulls,21500507,2016-01-03,CHI @ TOR,W,39,42,15,23,0.652,2,3,0.667,10,11,0.909,1,3,4,5,1,1,3,3,2.2,False
394,2015,1610612741,CHI,Chicago Bulls,21500493,2016-01-01,CHI vs. NYK,W,34,23,8,18,0.444,0,1,0.0,7,10,0.7,2,2,4,6,1,1,0,1,3.2,True
395,2015,1610612741,CHI,Chicago Bulls,21500478,2015-12-30,CHI vs. IND,W,44,28,8,16,0.5,1,3,0.333,11,13,0.846,0,4,4,4,2,1,2,3,-0.4,True
396,2015,1610612741,CHI,Chicago Bulls,21500463,2015-12-28,CHI vs. TOR,W,36,5,2,7,0.286,0,3,0.0,1,2,0.5,1,3,4,5,2,2,2,2,-1.6,True
397,2015,1610612741,CHI,Chicago Bulls,21500449,2015-12-26,CHI @ DAL,L,37,17,4,11,0.364,2,5,0.4,7,8,0.875,0,4,4,8,3,0,5,2,-2.8,False
398,2015,1610612741,CHI,Chicago Bulls,21500437,2015-12-25,CHI @ OKC,W,43,23,9,20,0.45,1,3,0.333,4,4,1.0,3,3,6,4,4,0,3,2,0.8,False
399,2015,1610612741,CHI,Chicago Bulls,21500414,2015-12-21,CHI vs. BKN,L,38,24,11,20,0.55,1,6,0.167,1,3,0.333,1,2,3,4,1,1,2,1,-1.2,True
400,2015,1610612741,CHI,Chicago Bulls,21500400,2015-12-19,CHI @ NYK,L,33,12,4,11,0.364,1,2,0.5,3,4,0.75,1,1,2,5,1,0,1,3,-2.6,False
401,2015,1610612741,CHI,Chicago Bulls,21500391,2015-12-18,CHI vs. DET,L,56,43,14,29,0.483,1,4,0.25,14,16,0.875,1,7,8,2,2,2,3,5,-1.0,True
402,2015,1610612741,CHI,Chicago Bulls,21500377,2015-12-16,CHI vs. MEM,W,38,24,10,22,0.455,1,4,0.25,3,3,1.0,1,3,4,4,1,1,1,1,2.0,True
403,2015,1610612741,CHI,Chicago Bulls,21500361,2015-12-14,CHI vs. PHI,W,29,23,8,14,0.571,0,1,0.0,7,7,1.0,0,3,3,3,2,1,0,0,3.6,True
404,2015,1610612741,CHI,Chicago Bulls,21500348,2015-12-12,CHI vs. NOP,W,38,15,4,16,0.25,0,1,0.0,7,9,0.778,0,3,3,0,2,1,1,1,0.6,True
405,2015,1610612741,CHI,Chicago Bulls,21500330,2015-12-10,CHI vs. LAC,W,37,14,4,14,0.286,0,2,0.0,6,8,0.75,1,4,5,8,2,2,0,0,-1.0,True
406,2015,1610612741,CHI,Chicago Bulls,21500319,2015-12-09,CHI @ BOS,L,39,36,12,24,0.5,0,5,0.0,12,14,0.857,0,7,7,0,1,0,1,3,0.6,False
407,2015,1610612741,CHI,Chicago Bulls,21500309,2015-12-07,CHI vs. PHX,L,36,19,6,12,0.5,2,3,0.667,5,6,0.833,0,4,4,3,1,1,3,4,1.2,True
408,2015,1610612741,CHI,Chicago Bulls,21500292,2015-12-05,CHI vs. CHA,L,38,25,8,18,0.444,1,5,0.2,8,10,0.8,4,4,8,2,2,0,3,4,-1.2,True
409,2015,1610612741,CHI,Chicago Bulls,21500273,2015-12-02,CHI vs. DEN,W,39,19,5,16,0.313,1,4,0.25,8,8,1.0,3,3,6,3,1,1,1,2,1.4,True
410,2015,1610612741,CHI,Chicago Bulls,21500257,2015-11-30,CHI vs. SAS,W,40,14,5,9,0.556,0,2,0.0,4,4,1.0,1,2,3,3,1,2,5,3,-2.2,True
411,2015,1610612741,CHI,Chicago Bulls,21500231,2015-11-27,CHI @ IND,L,40,16,4,10,0.4,2,4,0.5,6,6,1.0,0,5,5,5,2,2,4,2,-1.6,False
412,2015,1610612741,CHI,Chicago Bulls,21500213,2015-11-24,CHI @ POR,W,36,22,6,13,0.462,2,3,0.667,8,8,1.0,1,1,2,4,4,0,2,1,1.6,False
413,2015,1610612741,CHI,Chicago Bulls,21500187,2015-11-20,CHI @ GSW,L,39,28,11,21,0.524,2,4,0.5,4,7,0.571,2,7,9,7,3,0,1,1,-2.4,False
414,2015,1610612741,CHI,Chicago Bulls,21500174,2015-11-18,CHI @ PHX,W,43,32,11,23,0.478,3,7,0.429,7,8,0.875,3,3,6,2,1,0,1,2,0.8,False
415,2015,1610612741,CHI,Chicago Bulls,21500153,2015-11-16,CHI vs. IND,W,36,17,6,12,0.5,0,0,,5,8,0.625,0,3,3,4,2,1,2,5,-0.2,True
416,2015,1610612741,CHI,Chicago Bulls,21500132,2015-11-13,CHI vs. CHA,W,38,27,8,16,0.5,0,4,0.0,11,14,0.786,0,5,5,4,1,1,4,1,-0.8,True
417,2015,1610612741,CHI,Chicago Bulls,21500100,2015-11-09,CHI @ PHI,W,26,7,2,6,0.333,1,3,0.333,2,2,1.0,1,5,6,5,1,0,3,1,5.8,False
418,2015,1610612741,CHI,Chicago Bulls,21500085,2015-11-07,CHI vs. MIN,L,41,11,4,15,0.267,0,7,0.0,3,6,0.5,0,8,8,2,1,2,5,5,-1.8,True
419,2015,1610612741,CHI,Chicago Bulls,21500070,2015-11-05,CHI vs. OKC,W,38,26,8,20,0.4,4,5,0.8,6,6,1.0,1,3,4,2,1,2,0,4,-0.2,True
420,2015,1610612741,CHI,Chicago Bulls,21500053,2015-11-03,CHI @ CHA,L,32,26,10,16,0.625,4,6,0.667,2,5,0.4,0,1,1,1,2,0,0,2,-3.8,False
421,2015,1610612741,CHI,Chicago Bulls,21500043,2015-11-01,CHI vs. ORL,W,33,14,4,10,0.4,0,2,0.0,6,8,0.75,0,4,4,5,4,2,0,0,0.8,True
422,2015,1610612741,CHI,Chicago Bulls,21500025,2015-10-30,CHI @ DET,L,42,23,5,19,0.263,1,3,0.333,12,14,0.857,0,11,11,0,3,0,1,3,-0.4,False
423,2015,1610612741,CHI,Chicago Bulls,21500006,2015-10-28,CHI @ BKN,W,34,24,9,11,0.818,3,3,1.0,3,3,1.0,1,3,4,6,2,0,1,0,4.6,False
424,2015,1610612741,CHI,Chicago Bulls,21500002,2015-10-27,CHI vs. CLE,W,37,17,6,14,0.429,0,2,0.0,5,5,1.0,1,4,5,2,2,1,0,1,0.6,True
445,2014,1610612741,CHI,Chicago Bulls,21401217,2015-04-15,CHI vs. ATL,W,40,21,6,14,0.429,2,2,1.0,7,9,0.778,1,5,6,3,2,1,0,0,0.8,True
446,2014,1610612741,CHI,Chicago Bulls,21401206,2015-04-13,CHI @ BKN,W,33,17,7,10,0.7,2,3,0.667,1,3,0.333,0,6,6,2,1,1,1,2,4.6,False
447,2014,1610612741,CHI,Chicago Bulls,21401189,2015-04-11,CHI vs. PHI,W,36,15,3,11,0.273,1,2,0.5,8,12,0.667,3,3,6,3,2,0,0,1,3.4,True
448,2014,1610612741,CHI,Chicago Bulls,21401161,2015-04-08,CHI @ ORL,L,37,19,6,10,0.6,3,4,0.75,4,4,1.0,1,4,5,6,2,0,2,1,-2.2,False
449,2014,1610612741,CHI,Chicago Bulls,21401148,2015-04-05,CHI @ CLE,L,42,16,6,14,0.429,2,3,0.667,2,3,0.667,1,3,4,5,3,0,2,4,0.2,False
450,2014,1610612741,CHI,Chicago Bulls,21401131,2015-04-03,CHI vs. DET,W,39,18,6,16,0.375,1,2,0.5,5,6,0.833,1,1,2,3,1,0,2,3,3.4,True
451,2014,1610612741,CHI,Chicago Bulls,21401118,2015-04-01,CHI @ MIL,L,41,25,8,18,0.444,1,4,0.25,8,8,1.0,3,4,7,3,3,1,2,2,0.0,False
452,2014,1610612741,CHI,Chicago Bulls,21401088,2015-03-28,CHI vs. NYK,W,26,18,5,9,0.556,0,0,,8,8,1.0,1,2,3,4,5,1,0,0,4.4,True
453,2014,1610612741,CHI,Chicago Bulls,21401065,2015-03-25,CHI @ TOR,W,39,23,7,8,0.875,2,3,0.667,7,9,0.778,2,3,5,3,0,0,1,1,2.2,False
454,2014,1610612741,CHI,Chicago Bulls,21401051,2015-03-23,CHI vs. CHA,W,40,19,6,20,0.3,0,2,0.0,7,10,0.7,3,6,9,1,0,0,1,3,2.6,True
455,2014,1610612741,CHI,Chicago Bulls,21400877,2015-03-01,CHI vs. LAC,L,22,10,3,9,0.333,2,4,0.5,2,2,1.0,1,1,2,2,0,0,1,0,1.0,True
456,2014,1610612741,CHI,Chicago Bulls,21400862,2015-02-27,CHI vs. MIN,W,43,28,11,19,0.579,0,1,0.0,6,7,0.857,5,7,12,1,2,2,1,0,2.2,True
457,2014,1610612741,CHI,Chicago Bulls,21400845,2015-02-25,CHI vs. CHA,L,36,14,5,11,0.455,0,3,0.0,4,5,0.8,1,6,7,5,2,0,3,1,-1.6,True
458,2014,1610612741,CHI,Chicago Bulls,21400831,2015-02-23,CHI vs. MIL,W,38,11,4,10,0.4,1,2,0.5,2,2,1.0,2,7,9,4,0,2,3,2,2.8,True
459,2014,1610612741,CHI,Chicago Bulls,21400818,2015-02-21,CHI vs. PHX,W,36,19,7,16,0.438,1,1,1.0,4,4,1.0,0,5,5,3,1,0,3,2,-0.2,True
460,2014,1610612741,CHI,Chicago Bulls,21400806,2015-02-20,CHI @ DET,L,39,30,9,18,0.5,3,5,0.6,9,9,1.0,1,4,5,5,0,0,2,1,-2.2,False
462,2014,1610612741,CHI,Chicago Bulls,21400785,2015-02-10,CHI vs. SAC,W,22,5,2,8,0.25,0,1,0.0,1,2,0.5,0,2,2,2,0,0,0,0,1.0,True
463,2014,1610612741,CHI,Chicago Bulls,21400770,2015-02-08,CHI @ ORL,W,40,27,9,16,0.563,3,4,0.75,6,6,1.0,0,2,2,5,6,0,3,2,0.8,False
464,2014,1610612741,CHI,Chicago Bulls,21400758,2015-02-07,CHI @ NOP,W,34,18,6,14,0.429,0,2,0.0,6,6,1.0,2,2,4,5,1,0,1,1,6.2,False
465,2014,1610612741,CHI,Chicago Bulls,21400735,2015-02-04,CHI @ HOU,L,41,27,9,18,0.5,3,5,0.6,6,8,0.75,3,3,6,1,2,0,0,2,-0.2,False
466,2014,1610612741,CHI,Chicago Bulls,21400704,2015-01-30,CHI @ PHX,L,42,22,8,18,0.444,1,6,0.167,5,8,0.625,0,7,7,4,2,0,2,2,1.8,False
467,2014,1610612741,CHI,Chicago Bulls,21400695,2015-01-29,CHI @ LAL,L,49,35,9,17,0.529,1,5,0.2,16,18,0.889,3,4,7,1,3,0,1,2,-0.8,False
468,2014,1610612741,CHI,Chicago Bulls,21400657,2015-01-25,CHI vs. MIA,L,43,5,2,8,0.25,0,2,0.0,1,1,1.0,1,4,5,2,1,0,0,0,-0.8,True
469,2014,1610612741,CHI,Chicago Bulls,21400646,2015-01-23,CHI @ DAL,W,38,20,8,18,0.444,0,2,0.0,4,5,0.8,3,5,8,6,3,0,2,1,0.4,False
470,2014,1610612741,CHI,Chicago Bulls,21400637,2015-01-22,CHI vs. SAS,W,28,17,4,9,0.444,2,2,1.0,7,7,1.0,0,4,4,2,1,1,1,4,4.2,True
471,2014,1610612741,CHI,Chicago Bulls,21400620,2015-01-19,CHI @ CLE,L,40,20,6,16,0.375,1,3,0.333,7,9,0.778,1,6,7,3,1,1,0,1,-4.8,False
472,2014,1610612741,CHI,Chicago Bulls,21400602,2015-01-17,CHI vs. ATL,L,38,15,6,11,0.545,1,3,0.333,2,2,1.0,1,4,5,3,1,0,1,1,-2.6,True
473,2014,1610612741,CHI,Chicago Bulls,21400591,2015-01-16,CHI @ BOS,W,39,22,10,19,0.526,0,2,0.0,2,2,1.0,1,4,5,2,6,0,1,0,3.0,False
474,2014,1610612741,CHI,Chicago Bulls,21400579,2015-01-14,CHI vs. WAS,L,38,13,3,10,0.3,2,4,0.5,5,6,0.833,0,2,2,2,4,1,0,1,-1.6,True
475,2014,1610612741,CHI,Chicago Bulls,21400566,2015-01-12,CHI vs. ORL,L,43,17,5,13,0.385,3,6,0.5,4,4,1.0,2,0,2,2,0,0,1,2,-1.2,True
476,2014,1610612741,CHI,Chicago Bulls,21400554,2015-01-10,CHI vs. MIL,W,41,9,2,9,0.222,0,3,0.0,5,7,0.714,3,5,8,10,2,1,2,2,2.4,True
477,2014,1610612741,CHI,Chicago Bulls,21400543,2015-01-09,CHI @ WAS,L,36,10,2,12,0.167,1,5,0.2,5,7,0.714,1,3,4,2,3,1,4,3,-5.8,False
478,2014,1610612741,CHI,Chicago Bulls,21400528,2015-01-07,CHI vs. UTA,L,34,16,5,13,0.385,2,4,0.5,4,5,0.8,3,8,11,3,2,0,2,2,-3.8,True
479,2014,1610612741,CHI,Chicago Bulls,21400512,2015-01-05,CHI vs. HOU,W,41,22,7,17,0.412,2,4,0.5,6,7,0.857,1,4,5,1,3,1,1,0,1.8,True
480,2014,1610612741,CHI,Chicago Bulls,21400482,2015-01-01,CHI vs. DEN,W,40,26,8,14,0.571,1,2,0.5,9,9,1.0,1,7,8,8,2,1,3,1,-0.6,True
481,2014,1610612741,CHI,Chicago Bulls,21400467,2014-12-30,CHI vs. BKN,L,37,8,3,12,0.25,0,3,0.0,2,3,0.667,1,2,3,1,1,2,3,3,-3.2,True
482,2014,1610612741,CHI,Chicago Bulls,21400460,2014-12-29,CHI @ IND,W,44,27,8,20,0.4,2,2,1.0,9,12,0.75,5,4,9,1,4,1,1,1,2.6,False
483,2014,1610612741,CHI,Chicago Bulls,21400447,2014-12-27,CHI vs. NOP,W,36,33,12,18,0.667,0,3,0.0,9,10,0.9,2,3,5,2,2,1,0,4,0.2,True
484,2014,1610612741,CHI,Chicago Bulls,21400430,2014-12-25,CHI vs. LAL,W,42,21,7,12,0.583,1,3,0.333,6,6,1.0,2,4,6,5,0,2,1,2,3.2,True
485,2014,1610612741,CHI,Chicago Bulls,21400419,2014-12-23,CHI @ WAS,W,38,11,4,13,0.308,1,4,0.25,2,4,0.5,1,5,6,2,0,0,0,2,1.0,False
486,2014,1610612741,CHI,Chicago Bulls,21400410,2014-12-22,CHI vs. TOR,W,44,27,7,16,0.438,2,3,0.667,11,11,1.0,3,8,11,4,1,5,1,1,2.8,True
487,2014,1610612741,CHI,Chicago Bulls,21400389,2014-12-19,CHI @ MEM,W,43,31,11,21,0.524,0,2,0.0,9,9,1.0,3,7,10,1,2,0,0,2,0.2,False
488,2014,1610612741,CHI,Chicago Bulls,21400379,2014-12-18,CHI vs. NYK,W,45,35,11,21,0.524,4,7,0.571,9,10,0.9,1,4,5,7,4,1,2,1,1.6,True
489,2014,1610612741,CHI,Chicago Bulls,21400358,2014-12-15,CHI @ ATL,L,38,22,8,17,0.471,3,5,0.6,3,3,1.0,3,6,9,2,2,0,2,1,-2.2,False
490,2014,1610612741,CHI,Chicago Bulls,21400349,2014-12-14,CHI @ MIA,W,36,17,4,10,0.4,0,1,0.0,9,10,0.9,1,6,7,5,2,1,2,2,4.8,False
491,2014,1610612741,CHI,Chicago Bulls,21400328,2014-12-12,CHI vs. POR,W,44,11,4,11,0.364,0,1,0.0,3,3,1.0,2,6,8,1,1,2,0,0,0.4,True
492,2014,1610612741,CHI,Chicago Bulls,21400320,2014-12-10,CHI vs. BKN,W,35,18,6,10,0.6,0,1,0.0,6,10,0.6,2,3,5,2,1,0,1,0,2.4,True
493,2014,1610612741,CHI,Chicago Bulls,21400289,2014-12-06,CHI vs. GSW,L,44,24,8,17,0.471,3,6,0.5,5,7,0.714,3,1,4,3,2,0,3,3,-0.4,True
494,2014,1610612741,CHI,Chicago Bulls,21400263,2014-12-03,CHI @ CHA,W,39,15,5,11,0.455,1,4,0.25,4,4,1.0,1,1,2,5,2,0,1,2,0.8,False
495,2014,1610612741,CHI,Chicago Bulls,21400257,2014-12-02,CHI vs. DAL,L,46,23,9,21,0.429,0,3,0.0,5,9,0.556,4,4,8,7,0,0,1,3,-0.6,True
496,2014,1610612741,CHI,Chicago Bulls,21400242,2014-11-30,CHI @ BKN,W,39,26,7,12,0.583,1,3,0.333,11,13,0.846,0,4,4,5,1,0,0,1,3.6,False
497,2014,1610612741,CHI,Chicago Bulls,21400223,2014-11-28,CHI @ BOS,W,41,22,6,15,0.4,0,3,0.0,10,12,0.833,2,1,3,1,1,0,3,2,0.2,False
498,2014,1610612741,CHI,Chicago Bulls,21400209,2014-11-25,CHI @ DEN,L,40,32,7,13,0.538,0,1,0.0,18,20,0.9,3,6,9,1,1,0,2,3,-1.4,False
499,2014,1610612741,CHI,Chicago Bulls,21400204,2014-11-24,CHI @ UTA,W,44,25,8,16,0.5,1,2,0.5,8,9,0.889,2,0,2,2,4,0,3,2,0.8,False
500,2014,1610612741,CHI,Chicago Bulls,21400183,2014-11-21,CHI @ POR,L,27,9,3,13,0.231,0,2,0.0,3,4,0.75,2,2,4,2,1,0,0,1,-5.2,False
501,2014,1610612741,CHI,Chicago Bulls,21400171,2014-11-20,CHI @ SAC,L,37,23,11,18,0.611,0,1,0.0,1,2,0.5,4,4,8,1,2,0,3,3,-1.6,False
502,2014,1610612741,CHI,Chicago Bulls,21400154,2014-11-17,CHI @ LAC,W,45,22,6,17,0.353,1,4,0.25,9,10,0.9,2,4,6,8,2,0,3,2,5.2,False
503,2014,1610612741,CHI,Chicago Bulls,21400135,2014-11-15,CHI vs. IND,L,41,32,10,17,0.588,1,2,0.5,11,14,0.786,2,4,6,1,2,1,1,0,0.6,True
504,2014,1610612741,CHI,Chicago Bulls,21400119,2014-11-13,CHI @ TOR,W,40,21,7,10,0.7,1,3,0.333,6,8,0.75,0,9,9,6,0,1,1,3,3.4,False
505,2014,1610612741,CHI,Chicago Bulls,21400101,2014-11-10,CHI vs. DET,W,43,19,6,12,0.5,4,7,0.571,3,3,1.0,1,3,4,1,0,0,1,1,2.4,True
506,2014,1610612741,CHI,Chicago Bulls,21400086,2014-11-08,CHI vs. BOS,L,38,16,7,16,0.438,1,3,0.333,1,1,1.0,1,4,5,2,2,0,0,1,0.8,True
507,2014,1610612741,CHI,Chicago Bulls,21400073,2014-11-07,CHI @ PHI,W,40,23,8,15,0.533,1,3,0.333,6,6,1.0,4,3,7,5,1,1,1,4,3.0,False
508,2014,1610612741,CHI,Chicago Bulls,21400062,2014-11-05,CHI @ MIL,W,41,14,5,8,0.625,0,0,,4,4,1.0,1,5,6,7,4,0,4,3,3.0,False
509,2014,1610612741,CHI,Chicago Bulls,21400053,2014-11-04,CHI vs. ORL,W,35,21,7,15,0.467,0,2,0.0,7,11,0.636,3,6,9,3,1,2,2,2,-0.2,True
510,2014,1610612741,CHI,Chicago Bulls,21400035,2014-11-01,CHI @ MIN,W,39,24,6,12,0.5,1,3,0.333,11,15,0.733,1,3,4,2,1,1,2,3,-1.4,False
522,2013,1610612741,CHI,Chicago Bulls,21301223,2014-04-16,CHI @ CHA,L,48,12,3,8,0.375,0,1,0.0,6,8,0.75,1,3,4,4,5,0,0,0,1.4,False
523,2013,1610612741,CHI,Chicago Bulls,21301208,2014-04-14,CHI vs. ORL,W,32,12,3,5,0.6,0,0,,6,7,0.857,0,2,2,1,2,0,1,0,1.8,True
524,2013,1610612741,CHI,Chicago Bulls,21301197,2014-04-13,CHI @ NYK,L,45,17,6,11,0.545,2,4,0.5,3,6,0.5,0,3,3,3,1,0,2,3,-2.0,False
525,2013,1610612741,CHI,Chicago Bulls,21301181,2014-04-11,CHI vs. DET,W,45,13,5,13,0.385,1,7,0.143,2,2,1.0,1,3,4,3,0,2,2,3,1.0,True
526,2013,1610612741,CHI,Chicago Bulls,21301169,2014-04-09,CHI @ MIN,W,46,14,5,11,0.455,3,6,0.5,1,2,0.5,1,4,5,7,0,0,0,1,2.2,False
527,2013,1610612741,CHI,Chicago Bulls,21301144,2014-04-05,CHI @ WAS,W,42,3,1,9,0.111,0,4,0.0,1,2,0.5,2,4,6,9,0,0,2,1,4.6,False
528,2013,1610612741,CHI,Chicago Bulls,21301137,2014-04-04,CHI vs. MIL,W,41,17,5,11,0.455,1,6,0.167,6,9,0.667,2,4,6,5,1,1,1,2,3.8,True
529,2013,1610612741,CHI,Chicago Bulls,21301120,2014-04-02,CHI @ ATL,W,41,17,6,16,0.375,3,8,0.375,2,2,1.0,1,1,2,2,3,0,0,2,2.2,False
530,2013,1610612741,CHI,Chicago Bulls,21301106,2014-03-31,CHI vs. BOS,W,42,18,8,13,0.615,0,3,0.0,2,2,1.0,1,4,5,4,1,0,0,1,1.8,True
531,2013,1610612741,CHI,Chicago Bulls,21301097,2014-03-30,CHI @ BOS,W,44,15,5,12,0.417,3,7,0.429,2,4,0.5,0,5,5,0,3,0,3,1,0.8,False
532,2013,1610612741,CHI,Chicago Bulls,21301080,2014-03-28,CHI vs. POR,L,45,10,3,9,0.333,1,4,0.25,3,3,1.0,1,5,6,2,0,0,3,2,-1.4,True
533,2013,1610612741,CHI,Chicago Bulls,21301050,2014-03-24,CHI vs. IND,W,33,12,3,10,0.3,1,4,0.25,5,6,0.833,0,5,5,3,0,0,1,3,2.0,True
534,2013,1610612741,CHI,Chicago Bulls,21301034,2014-03-22,CHI vs. PHI,W,46,17,4,8,0.5,1,3,0.333,8,10,0.8,3,5,8,6,1,0,2,3,3.0,True
535,2013,1610612741,CHI,Chicago Bulls,21301022,2014-03-21,CHI @ IND,L,45,17,5,11,0.455,4,6,0.667,3,4,0.75,1,1,2,1,5,0,1,3,-0.8,False
536,2013,1610612741,CHI,Chicago Bulls,21301008,2014-03-19,CHI @ PHI,W,46,16,5,8,0.625,1,2,0.5,5,5,1.0,1,5,6,4,2,2,5,4,1.8,False
537,2013,1610612741,CHI,Chicago Bulls,21300999,2014-03-17,CHI vs. OKC,L,46,13,4,12,0.333,1,6,0.167,4,6,0.667,0,2,2,2,2,0,1,1,-2.8,True
538,2013,1610612741,CHI,Chicago Bulls,21300986,2014-03-15,CHI vs. SAC,W,38,5,1,11,0.091,0,4,0.0,3,4,0.75,0,5,5,2,1,0,1,4,1.2,True
539,2013,1610612741,CHI,Chicago Bulls,21300968,2014-03-13,CHI vs. HOU,W,28,11,4,8,0.5,1,1,1.0,2,2,1.0,0,2,2,5,2,0,1,3,5.0,True
540,2013,1610612741,CHI,Chicago Bulls,21300952,2014-03-11,CHI vs. SAS,L,36,23,7,14,0.5,3,5,0.6,6,6,1.0,4,2,6,2,0,0,1,1,-5.2,True
541,2013,1610612741,CHI,Chicago Bulls,21300934,2014-03-09,CHI vs. MIA,W,48,16,4,15,0.267,2,6,0.333,6,6,1.0,2,9,11,0,4,2,2,1,0.6,True
542,2013,1610612741,CHI,Chicago Bulls,21300917,2014-03-07,CHI vs. MEM,L,43,8,1,3,0.333,0,0,,6,6,1.0,1,2,3,2,2,0,1,0,-2.8,True
543,2013,1610612741,CHI,Chicago Bulls,21300909,2014-03-05,CHI @ DET,W,46,18,7,15,0.467,0,3,0.0,4,6,0.667,3,9,12,4,3,0,3,2,1.8,False
544,2013,1610612741,CHI,Chicago Bulls,21300891,2014-03-03,CHI @ BKN,L,43,13,4,11,0.364,0,3,0.0,5,9,0.556,1,1,2,2,4,0,5,2,-3.4,False
545,2013,1610612741,CHI,Chicago Bulls,21300883,2014-03-02,CHI vs. NYK,W,42,19,5,13,0.385,0,4,0.0,9,14,0.643,2,4,6,4,3,0,1,3,3.2,True
546,2013,1610612741,CHI,Chicago Bulls,21300870,2014-02-28,CHI @ DAL,W,44,19,6,13,0.462,1,4,0.25,6,11,0.545,1,6,7,3,1,1,0,0,-0.2,False
547,2013,1610612741,CHI,Chicago Bulls,21300855,2014-02-26,CHI vs. GSW,W,37,16,5,10,0.5,1,1,1.0,5,6,0.833,1,1,2,2,2,3,1,3,3.4,True
548,2013,1610612741,CHI,Chicago Bulls,21300820,2014-02-21,CHI vs. DEN,W,11,8,3,4,0.75,1,2,0.5,1,1,1.0,1,1,2,2,0,0,0,0,3.4,True
549,2013,1610612741,CHI,Chicago Bulls,21300803,2014-02-19,CHI @ TOR,W,46,16,6,11,0.545,0,1,0.0,4,6,0.667,1,5,6,6,1,3,0,1,1.4,False
550,2013,1610612741,CHI,Chicago Bulls,21300790,2014-02-13,CHI vs. BKN,W,46,14,6,8,0.75,0,0,,2,2,1.0,0,5,5,4,3,2,1,2,4.2,True
551,2013,1610612741,CHI,Chicago Bulls,21300772,2014-02-11,CHI vs. ATL,W,37,12,5,9,0.556,0,0,,2,4,0.5,5,8,13,1,1,0,2,0,1.4,True
552,2013,1610612741,CHI,Chicago Bulls,21300757,2014-02-09,CHI @ LAL,W,40,9,4,13,0.308,1,5,0.2,0,0,,0,9,9,2,2,0,4,0,0.8,False
553,2013,1610612741,CHI,Chicago Bulls,21300738,2014-02-06,CHI @ GSW,L,47,14,4,9,0.444,1,3,0.333,5,5,1.0,3,6,9,2,1,0,2,0,-2.6,False
554,2013,1610612741,CHI,Chicago Bulls,21300723,2014-02-04,CHI @ PHX,W,44,18,5,14,0.357,1,4,0.25,7,8,0.875,1,3,4,4,3,0,2,3,1.8,False
555,2013,1610612741,CHI,Chicago Bulls,21300720,2014-02-03,CHI @ SAC,L,37,17,4,11,0.364,1,3,0.333,8,10,0.8,2,3,5,1,3,0,0,4,-2.6,False
556,2013,1610612741,CHI,Chicago Bulls,21300703,2014-02-01,CHI @ NOP,L,43,10,2,9,0.222,1,5,0.2,5,8,0.625,2,2,4,2,0,0,2,2,-3.2,False
557,2013,1610612741,CHI,Chicago Bulls,21300683,2014-01-29,CHI @ SAS,W,42,19,7,11,0.636,1,2,0.5,4,5,0.8,3,1,4,1,3,2,0,2,2.2,False
558,2013,1610612741,CHI,Chicago Bulls,21300664,2014-01-27,CHI vs. MIN,L,41,16,5,12,0.417,2,4,0.5,4,4,1.0,3,5,8,3,2,0,2,2,0.0,True
559,2013,1610612741,CHI,Chicago Bulls,21300646,2014-01-25,CHI @ CHA,W,42,4,2,7,0.286,0,2,0.0,0,0,,1,2,3,3,4,0,1,0,0.4,False
560,2013,1610612741,CHI,Chicago Bulls,21300641,2014-01-24,CHI vs. LAC,L,41,9,3,15,0.2,1,5,0.2,2,2,1.0,2,4,6,3,2,0,0,1,-1.4,True
561,2013,1610612741,CHI,Chicago Bulls,21300622,2014-01-22,CHI @ CLE,W,42,10,4,12,0.333,1,7,0.143,1,2,0.5,1,4,5,1,2,1,1,2,1.0,False
562,2013,1610612741,CHI,Chicago Bulls,21300613,2014-01-20,CHI vs. LAL,W,50,13,6,19,0.316,0,4,0.0,1,2,0.5,5,6,11,5,4,1,3,2,0.4,True
563,2013,1610612741,CHI,Chicago Bulls,21300596,2014-01-18,CHI vs. PHI,W,32,10,4,11,0.364,0,4,0.0,2,2,1.0,1,3,4,4,1,0,1,2,2.0,True
564,2013,1610612741,CHI,Chicago Bulls,21300585,2014-01-17,CHI @ WAS,L,39,9,2,9,0.222,1,5,0.2,4,4,1.0,0,3,3,4,4,0,2,0,1.0,False
565,2013,1610612741,CHI,Chicago Bulls,21300566,2014-01-15,CHI @ ORL,W,60,21,6,17,0.353,2,9,0.222,7,8,0.875,2,5,7,6,2,2,4,3,1.6,False
566,2013,1610612741,CHI,Chicago Bulls,21300558,2014-01-13,CHI vs. WAS,L,37,12,5,10,0.5,2,4,0.5,0,2,0.0,2,2,4,1,1,0,0,0,-2.6,True
567,2013,1610612741,CHI,Chicago Bulls,21300538,2014-01-10,CHI @ MIL,W,40,10,3,8,0.375,1,2,0.5,3,4,0.75,0,3,3,0,0,1,3,3,2.0,False
568,2013,1610612741,CHI,Chicago Bulls,21300513,2014-01-07,CHI vs. PHX,W,41,13,4,18,0.222,0,4,0.0,5,6,0.833,1,4,5,3,4,0,2,0,1.0,True
569,2013,1610612741,CHI,Chicago Bulls,21300492,2014-01-04,CHI vs. ATL,W,38,11,4,11,0.364,1,5,0.2,2,4,0.5,1,1,2,3,5,1,0,0,0.8,True
570,2013,1610612741,CHI,Chicago Bulls,21300475,2014-01-02,CHI vs. BOS,W,33,10,2,7,0.286,0,2,0.0,6,8,0.75,2,4,6,2,2,1,1,5,1.8,True
571,2013,1610612741,CHI,Chicago Bulls,21300463,2013-12-31,CHI vs. TOR,L,38,15,5,13,0.385,1,2,0.5,4,6,0.667,0,7,7,1,2,1,2,3,-0.8,True
572,2013,1610612741,CHI,Chicago Bulls,21300454,2013-12-30,CHI @ MEM,W,41,26,6,10,0.6,2,3,0.667,12,14,0.857,0,4,4,2,0,0,2,3,-0.2,False
573,2013,1610612741,CHI,Chicago Bulls,21300441,2013-12-28,CHI vs. DAL,L,46,11,2,10,0.2,1,7,0.143,6,6,1.0,1,5,6,5,1,0,7,1,-3.2,True
574,2013,1610612741,CHI,Chicago Bulls,21300418,2013-12-25,CHI @ BKN,W,33,15,4,10,0.4,2,4,0.5,5,6,0.833,1,4,5,4,1,0,0,2,1.2,False
575,2013,1610612741,CHI,Chicago Bulls,21300381,2013-12-19,CHI @ OKC,L,17,3,0,2,0.0,0,2,0.0,3,7,0.429,0,0,0,0,1,1,1,1,-2.6,False
576,2013,1610612741,CHI,Chicago Bulls,21300379,2013-12-18,CHI @ HOU,L,35,20,8,15,0.533,1,1,1.0,3,5,0.6,1,0,1,0,2,0,1,1,-2.2,False
577,2013,1610612741,CHI,Chicago Bulls,21300362,2013-12-16,CHI vs. ORL,L,27,4,1,11,0.091,0,4,0.0,2,2,1.0,2,1,3,2,1,1,0,1,-3.2,True
578,2013,1610612741,CHI,Chicago Bulls,21300346,2013-12-14,CHI vs. TOR,L,30,11,4,6,0.667,2,3,0.667,1,3,0.333,1,3,4,0,1,1,1,0,-0.2,True
579,2013,1610612741,CHI,Chicago Bulls,21300337,2013-12-13,CHI @ MIL,W,37,16,4,12,0.333,1,4,0.25,7,8,0.875,1,1,2,1,3,0,3,2,1.8,False
580,2013,1610612741,CHI,Chicago Bulls,21300151,2013-11-18,CHI vs. CHA,W,22,14,4,6,0.667,2,2,1.0,4,5,0.8,1,4,5,0,2,0,0,0,1.6,True
581,2013,1610612741,CHI,Chicago Bulls,21300140,2013-11-16,CHI vs. IND,W,25,10,2,3,0.667,1,1,1.0,5,6,0.833,0,2,2,1,1,1,1,1,3.8,True
582,2013,1610612741,CHI,Chicago Bulls,21300126,2013-11-15,CHI @ TOR,W,34,14,3,7,0.429,2,3,0.667,6,6,1.0,2,5,7,2,1,1,1,2,2.6,False
583,2013,1610612741,CHI,Chicago Bulls,21300102,2013-11-11,CHI vs. CLE,W,24,11,4,13,0.308,1,4,0.25,2,2,1.0,1,1,2,0,1,0,1,0,0.6,True
584,2013,1610612741,CHI,Chicago Bulls,21300079,2013-11-08,CHI vs. UTA,W,27,5,2,5,0.4,1,4,0.25,0,0,,0,4,4,3,2,0,1,1,3.4,True
585,2013,1610612741,CHI,Chicago Bulls,21300061,2013-11-06,CHI @ IND,L,26,7,2,6,0.333,1,3,0.333,2,2,1.0,3,1,4,1,1,1,3,1,-3.4,False
586,2013,1610612741,CHI,Chicago Bulls,21300034,2013-11-02,CHI @ PHI,L,39,9,4,6,0.667,0,1,0.0,1,2,0.5,1,5,6,4,1,2,2,0,-0.4,False
587,2013,1610612741,CHI,Chicago Bulls,21300018,2013-10-31,CHI vs. NYK,W,41,11,3,11,0.273,0,4,0.0,5,6,0.833,3,7,10,1,3,1,1,0,-0.8,True
588,2013,1610612741,CHI,Chicago Bulls,21300002,2013-10-29,CHI @ MIA,L,30,20,6,12,0.5,2,4,0.5,6,7,0.857,0,3,3,3,5,1,2,4,2.0,False
606,2012,1610612741,CHI,Chicago Bulls,21201222,2013-04-17,CHI vs. WAS,W,43,13,4,8,0.5,1,1,1.0,4,6,0.667,2,4,6,3,2,1,3,0,0.4,True
607,2012,1610612741,CHI,Chicago Bulls,21201203,2013-04-15,CHI @ ORL,W,38,8,2,7,0.286,1,1,1.0,3,4,0.75,2,8,10,5,1,0,1,4,3.0,False
608,2012,1610612741,CHI,Chicago Bulls,21201194,2013-04-14,CHI @ MIA,L,35,13,2,7,0.286,1,3,0.333,8,9,0.889,1,4,5,1,1,0,0,5,-2.6,False
609,2012,1610612741,CHI,Chicago Bulls,21201176,2013-04-12,CHI @ TOR,L,37,7,2,6,0.333,1,2,0.5,2,2,1.0,0,3,3,4,1,0,1,0,-1.0,False
610,2012,1610612741,CHI,Chicago Bulls,21201174,2013-04-11,CHI vs. NYK,W,50,22,9,15,0.6,2,3,0.667,2,5,0.4,7,7,14,2,3,3,0,4,0.2,True
611,2012,1610612741,CHI,Chicago Bulls,21201158,2013-04-09,CHI vs. TOR,L,48,28,10,12,0.833,3,3,1.0,5,6,0.833,2,5,7,2,2,0,2,3,-0.6,True
612,2012,1610612741,CHI,Chicago Bulls,21201150,2013-04-07,CHI @ DET,L,45,14,5,8,0.625,2,2,1.0,2,4,0.5,2,2,4,2,1,1,1,0,-2.8,False
613,2012,1610612741,CHI,Chicago Bulls,21201131,2013-04-05,CHI vs. ORL,W,43,12,5,13,0.385,0,2,0.0,2,2,1.0,2,1,3,1,2,0,0,0,-0.8,True
614,2012,1610612741,CHI,Chicago Bulls,21201123,2013-04-04,CHI @ BKN,W,43,16,7,15,0.467,1,2,0.5,1,2,0.5,2,8,10,3,2,1,5,2,1.4,False
615,2012,1610612741,CHI,Chicago Bulls,21201108,2013-04-02,CHI @ WAS,L,42,13,4,13,0.308,2,6,0.333,3,6,0.5,2,2,4,4,2,1,1,2,-0.8,False
616,2012,1610612741,CHI,Chicago Bulls,21201097,2013-03-31,CHI vs. DET,W,39,16,4,7,0.571,1,2,0.5,7,9,0.778,1,3,4,1,5,1,1,4,-0.6,True
617,2012,1610612741,CHI,Chicago Bulls,21201085,2013-03-30,CHI @ DAL,L,44,4,1,8,0.125,0,3,0.0,2,4,0.5,3,3,6,5,0,1,2,1,-1.4,False
618,2012,1610612741,CHI,Chicago Bulls,21201062,2013-03-27,CHI vs. MIA,W,43,17,6,10,0.6,2,4,0.5,3,5,0.6,1,3,4,4,2,0,5,3,1.2,True
619,2012,1610612741,CHI,Chicago Bulls,21201044,2013-03-24,CHI @ MIN,W,44,20,5,11,0.455,2,2,1.0,8,9,0.889,3,6,9,2,3,1,0,2,1.4,False
620,2012,1610612741,CHI,Chicago Bulls,21201035,2013-03-23,CHI vs. IND,W,20,3,1,4,0.25,1,1,1.0,0,0,,2,3,5,1,0,1,1,1,0.4,True
621,2012,1610612741,CHI,Chicago Bulls,21201019,2013-03-21,CHI vs. POR,L,27,12,4,7,0.571,1,2,0.5,3,5,0.6,1,3,4,2,1,1,0,2,0.0,True
622,2012,1610612741,CHI,Chicago Bulls,21200999,2013-03-18,CHI vs. DEN,L,32,15,4,7,0.571,1,2,0.5,6,8,0.75,4,3,7,4,1,3,0,2,0.0,True
623,2012,1610612741,CHI,Chicago Bulls,21200978,2013-03-15,CHI @ GSW,W,31,9,3,7,0.429,0,0,,3,3,1.0,1,1,2,1,0,0,1,0,-0.4,False
624,2012,1610612741,CHI,Chicago Bulls,21200963,2013-03-13,CHI @ SAC,L,23,6,2,10,0.2,0,3,0.0,2,2,1.0,2,0,2,1,0,0,0,0,-2.4,False
625,2012,1610612741,CHI,Chicago Bulls,21200935,2013-03-10,CHI @ LAL,L,24,5,2,8,0.25,1,3,0.333,0,0,,1,4,5,1,0,0,0,0,0.4,False
626,2012,1610612741,CHI,Chicago Bulls,21200922,2013-03-08,CHI vs. UTA,W,22,1,0,2,0.0,0,1,0.0,1,2,0.5,0,3,3,2,1,0,0,1,-0.6,True
627,2012,1610612741,CHI,Chicago Bulls,21200909,2013-03-06,CHI @ SAS,L,26,5,1,4,0.25,1,2,0.5,2,2,1.0,2,1,3,2,3,0,0,1,-1.0,False
628,2012,1610612741,CHI,Chicago Bulls,21200887,2013-03-03,CHI @ IND,L,31,20,6,11,0.545,3,5,0.6,5,6,0.833,3,1,4,1,2,0,1,2,0.8,False
629,2012,1610612741,CHI,Chicago Bulls,21200877,2013-03-02,CHI vs. BKN,W,23,13,4,7,0.571,0,1,0.0,5,5,1.0,0,2,2,2,1,0,0,0,3.6,True
630,2012,1610612741,CHI,Chicago Bulls,21200862,2013-02-28,CHI vs. PHI,W,21,5,2,5,0.4,0,1,0.0,1,2,0.5,1,2,3,1,1,0,1,0,-0.2,True
631,2012,1610612741,CHI,Chicago Bulls,21200846,2013-02-26,CHI vs. CLE,L,26,6,1,3,0.333,1,1,1.0,3,3,1.0,3,0,3,3,1,1,0,1,0.0,True
632,2012,1610612741,CHI,Chicago Bulls,21200838,2013-02-24,CHI @ OKC,L,18,2,1,3,0.333,0,1,0.0,0,0,,0,2,2,1,1,0,2,3,-2.2,False
633,2012,1610612741,CHI,Chicago Bulls,21200813,2013-02-22,CHI @ CHA,W,23,12,4,5,0.8,0,0,,4,4,1.0,3,1,4,4,2,0,0,1,3.4,False
634,2012,1610612741,CHI,Chicago Bulls,21200809,2013-02-21,CHI vs. MIA,L,21,0,0,3,0.0,0,0,,0,0,,2,1,3,0,0,1,1,0,-3.0,True
635,2012,1610612741,CHI,Chicago Bulls,21200793,2013-02-19,CHI @ NOH,W,24,9,4,8,0.5,1,2,0.5,0,2,0.0,2,1,3,1,0,1,1,1,0.6,False
636,2012,1610612741,CHI,Chicago Bulls,21200778,2013-02-13,CHI @ BOS,L,26,11,4,11,0.364,0,2,0.0,3,4,0.75,4,2,6,0,1,1,4,1,-0.8,False
637,2012,1610612741,CHI,Chicago Bulls,21200766,2013-02-11,CHI vs. SAS,L,21,9,2,5,0.4,0,1,0.0,5,6,0.833,1,1,2,0,0,0,2,1,-2.4,True
638,2012,1610612741,CHI,Chicago Bulls,21200746,2013-02-08,CHI @ UTA,W,13,0,0,1,0.0,0,0,,0,0,,0,0,0,0,0,0,0,0,1.2,False
639,2012,1610612741,CHI,Chicago Bulls,21200734,2013-02-07,CHI @ DEN,L,32,9,2,6,0.333,2,4,0.5,3,3,1.0,1,1,2,3,1,1,1,3,-2.4,False
640,2012,1610612741,CHI,Chicago Bulls,21200413,2013-02-04,CHI @ IND,L,29,10,3,8,0.375,0,1,0.0,4,4,1.0,1,2,3,0,3,0,0,1,1.2,False
641,2012,1610612741,CHI,Chicago Bulls,21200696,2013-02-02,CHI @ ATL,W,46,16,6,16,0.375,1,3,0.333,3,3,1.0,3,7,10,2,3,0,3,2,2.6,False
642,2012,1610612741,CHI,Chicago Bulls,21200687,2013-02-01,CHI @ BKN,L,40,12,5,10,0.5,0,2,0.0,2,2,1.0,4,2,6,3,2,0,1,2,1.0,False
643,2012,1610612741,CHI,Chicago Bulls,21200676,2013-01-30,CHI @ MIL,W,27,18,8,12,0.667,1,2,0.5,1,2,0.5,2,4,6,0,2,0,0,3,3.8,False
644,2012,1610612741,CHI,Chicago Bulls,21200663,2013-01-28,CHI vs. CHA,W,31,19,7,10,0.7,0,1,0.0,5,7,0.714,3,3,6,2,0,1,1,2,2.4,True
645,2012,1610612741,CHI,Chicago Bulls,21200644,2013-01-26,CHI @ WAS,L,45,9,3,7,0.429,1,2,0.5,2,2,1.0,0,6,6,0,1,0,0,0,-1.6,False
646,2012,1610612741,CHI,Chicago Bulls,21200636,2013-01-25,CHI vs. GSW,W,44,16,6,10,0.6,0,1,0.0,4,4,1.0,4,8,12,2,0,1,2,1,3.6,True
647,2012,1610612741,CHI,Chicago Bulls,21200620,2013-01-23,CHI vs. DET,W,46,18,6,14,0.429,1,4,0.25,5,6,0.833,5,4,9,4,1,1,1,0,1.0,True
648,2012,1610612741,CHI,Chicago Bulls,21200612,2013-01-21,CHI vs. LAL,W,43,10,4,10,0.4,0,1,0.0,2,2,1.0,3,5,8,4,1,0,0,2,3.4,True
649,2012,1610612741,CHI,Chicago Bulls,21200595,2013-01-19,CHI vs. MEM,L,48,18,5,13,0.385,0,1,0.0,8,8,1.0,4,4,8,3,3,0,1,2,-0.4,True
650,2012,1610612741,CHI,Chicago Bulls,21200584,2013-01-18,CHI @ BOS,W,25,13,4,5,0.8,1,2,0.5,4,4,1.0,1,3,4,0,0,0,2,0,-2.0,False
651,2012,1610612741,CHI,Chicago Bulls,21200570,2013-01-16,CHI @ TOR,W,6,0,0,1,0.0,0,0,,0,0,,0,0,0,0,0,0,1,1,-3.0,False
652,2012,1610612741,CHI,Chicago Bulls,21200558,2013-01-14,CHI vs. ATL,W,15,8,2,5,0.4,1,1,1.0,3,4,0.75,2,1,3,1,0,0,0,0,3.6,True
653,2012,1610612741,CHI,Chicago Bulls,21200546,2013-01-12,CHI vs. PHX,L,22,13,5,7,0.714,0,0,,3,3,1.0,2,0,2,0,1,1,0,0,-1.8,True
654,2012,1610612741,CHI,Chicago Bulls,21200534,2013-01-11,CHI @ NYK,W,12,0,0,3,0.0,0,0,,0,0,,2,1,3,1,0,0,0,0,-0.2,False
655,2012,1610612741,CHI,Chicago Bulls,21200520,2013-01-09,CHI vs. MIL,L,14,6,2,4,0.5,0,0,,2,2,1.0,0,1,1,1,0,0,1,0,0.2,True
656,2012,1610612741,CHI,Chicago Bulls,21200506,2013-01-07,CHI vs. CLE,W,10,3,1,2,0.5,0,0,,1,2,0.5,1,2,3,1,1,1,1,1,1.2,True
657,2012,1610612741,CHI,Chicago Bulls,21200481,2013-01-04,CHI @ MIA,W,18,8,2,6,0.333,0,0,,4,5,0.8,1,4,5,2,0,0,0,3,1.4,False
658,2012,1610612741,CHI,Chicago Bulls,21200465,2013-01-02,CHI @ ORL,W,9,0,0,0,,0,0,,0,0,,0,3,3,1,0,0,0,0,0.6,False
659,2012,1610612741,CHI,Chicago Bulls,21200453,2012-12-31,CHI vs. CHA,L,14,2,0,2,0.0,0,1,0.0,2,2,1.0,0,0,0,1,0,1,2,0,1.4,True
660,2012,1610612741,CHI,Chicago Bulls,21200441,2012-12-29,CHI vs. WAS,W,11,3,1,2,0.5,0,1,0.0,1,2,0.5,1,0,1,0,0,0,1,1,2.2,True
661,2012,1610612741,CHI,Chicago Bulls,21200408,2012-12-25,CHI vs. HOU,L,23,6,3,5,0.6,0,0,,0,0,,1,2,3,0,1,0,0,1,-1.6,True
662,2012,1610612741,CHI,Chicago Bulls,21200391,2012-12-22,CHI @ ATL,L,28,9,4,5,0.8,1,1,1.0,0,0,,2,3,5,2,1,0,0,1,0.8,False
663,2012,1610612741,CHI,Chicago Bulls,21200383,2012-12-21,CHI @ NYK,W,31,6,3,10,0.3,0,2,0.0,0,0,,1,2,3,2,2,1,0,3,-2.6,False
664,2012,1610612741,CHI,Chicago Bulls,21200360,2012-12-18,CHI vs. BOS,W,20,6,3,6,0.5,0,0,,0,0,,2,0,2,0,1,0,1,2,0.4,True
665,2012,1610612741,CHI,Chicago Bulls,21200353,2012-12-17,CHI @ MEM,L,17,8,3,4,0.75,0,0,,2,2,1.0,0,1,1,0,1,0,0,0,-2.4,False
666,2012,1610612741,CHI,Chicago Bulls,21200341,2012-12-15,CHI vs. BKN,W,17,0,0,4,0.0,0,1,0.0,0,0,,0,3,3,1,1,1,0,0,-2.2,True
667,2012,1610612741,CHI,Chicago Bulls,21200312,2012-12-12,CHI @ PHI,W,29,9,4,8,0.5,1,2,0.5,0,0,,1,2,3,2,0,0,0,1,2.0,False
668,2012,1610612741,CHI,Chicago Bulls,21200308,2012-12-11,CHI vs. LAC,L,15,2,1,2,0.5,0,0,,0,0,,1,0,1,0,0,0,0,0,0.0,True
669,2012,1610612741,CHI,Chicago Bulls,21200288,2012-12-08,CHI vs. NYK,W,21,8,3,3,1.0,0,0,,2,2,1.0,2,5,7,0,0,0,1,0,-0.2,True
670,2012,1610612741,CHI,Chicago Bulls,21200274,2012-12-07,CHI @ DET,W,14,3,1,1,1.0,0,0,,1,2,0.5,0,0,0,0,0,0,0,1,-2.8,False
671,2012,1610612741,CHI,Chicago Bulls,21200262,2012-12-05,CHI @ CLE,W,14,6,2,5,0.4,0,1,0.0,2,2,1.0,1,0,1,0,1,0,0,1,-1.0,False
672,2012,1610612741,CHI,Chicago Bulls,21200254,2012-12-04,CHI vs. IND,L,30,4,2,4,0.5,0,0,,0,0,,4,5,9,0,1,0,1,2,1.4,True
673,2012,1610612741,CHI,Chicago Bulls,21200235,2012-12-01,CHI vs. PHI,W,20,3,1,1,1.0,1,1,1.0,0,2,0.0,0,2,2,2,1,1,0,0,1.6,True
674,2012,1610612741,CHI,Chicago Bulls,21200214,2012-11-28,CHI vs. DAL,W,28,13,2,4,0.5,0,0,,9,10,0.9,1,2,3,2,1,0,1,2,6.8,True
675,2012,1610612741,CHI,Chicago Bulls,21200199,2012-11-26,CHI vs. MIL,L,12,4,2,4,0.5,0,0,,0,0,,2,0,2,0,0,1,0,1,-0.4,True
676,2012,1610612741,CHI,Chicago Bulls,21200188,2012-11-24,CHI @ MIL,W,19,6,2,7,0.286,0,1,0.0,2,2,1.0,4,3,7,0,0,0,1,1,1.2,False
677,2012,1610612741,CHI,Chicago Bulls,21200165,2012-11-21,CHI @ HOU,L,30,8,3,7,0.429,0,2,0.0,2,3,0.667,1,3,4,1,1,1,0,2,0.6,False
678,2012,1610612741,CHI,Chicago Bulls,21200145,2012-11-18,CHI @ POR,L,20,8,4,6,0.667,0,1,0.0,0,0,,3,0,3,0,1,0,1,1,-1.4,False
679,2012,1610612741,CHI,Chicago Bulls,21200132,2012-11-17,CHI @ LAC,L,14,5,2,5,0.4,0,1,0.0,1,2,0.5,2,1,3,0,0,0,0,0,-1.0,False
680,2012,1610612741,CHI,Chicago Bulls,21200116,2012-11-14,CHI @ PHX,W,9,6,3,3,1.0,0,0,,0,0,,0,1,1,0,2,0,0,0,0.6,False
681,2012,1610612741,CHI,Chicago Bulls,21200098,2012-11-12,CHI vs. BOS,L,11,4,0,0,,0,0,,4,4,1.0,1,0,1,0,0,0,0,1,-2.0,True
682,2012,1610612741,CHI,Chicago Bulls,21200084,2012-11-10,CHI vs. MIN,W,8,0,0,0,,0,0,,0,0,,0,0,0,0,0,0,0,1,-1.0,True
683,2012,1610612741,CHI,Chicago Bulls,21200066,2012-11-08,CHI vs. OKC,L,13,6,2,5,0.4,0,1,0.0,2,2,1.0,2,1,3,3,1,0,1,1,-0.2,True
684,2012,1610612741,CHI,Chicago Bulls,21200050,2012-11-06,CHI vs. ORL,W,22,4,1,3,0.333,0,0,,2,2,1.0,2,1,3,2,1,0,0,1,2.6,True
685,2012,1610612741,CHI,Chicago Bulls,21200031,2012-11-03,CHI vs. NOH,L,6,2,1,1,1.0,0,0,,0,0,,0,0,0,0,0,0,0,0,-0.2,True
686,2012,1610612741,CHI,Chicago Bulls,21200019,2012-11-02,CHI @ CLE,W,17,8,3,4,0.75,0,0,,2,2,1.0,1,3,4,1,0,0,1,0,0.4,False
687,2012,1610612741,CHI,Chicago Bulls,21200007,2012-10-31,CHI vs. SAC,W,11,4,1,1,1.0,0,0,,2,2,1.0,0,1,1,0,0,0,0,3,-1.0,True
698,2011,1610612741,CHI,Chicago Bulls,21100984,2012-04-26,CHI vs. CLE,W,29,12,4,8,0.5,0,1,0.0,4,7,0.571,2,2,4,2,0,0,2,1,6.2,True
699,2011,1610612741,CHI,Chicago Bulls,21100919,2012-04-18,CHI @ CHA,W,24,5,2,6,0.333,0,0,,1,2,0.5,1,2,3,0,0,0,1,1,3.0,False
700,2011,1610612741,CHI,Chicago Bulls,21100907,2012-04-16,CHI vs. WAS,L,5,2,1,1,1.0,0,0,,0,0,,0,1,1,0,0,0,0,0,-1.4,True
701,2011,1610612741,CHI,Chicago Bulls,21100897,2012-04-15,CHI @ DET,W,1,0,0,0,,0,0,,0,0,,0,0,0,0,0,0,0,0,-0.2,False
702,2011,1610612741,CHI,Chicago Bulls,21100870,2012-04-12,CHI vs. MIA,W,1,0,0,1,0.0,0,0,,0,0,,0,1,1,0,0,0,0,0,-0.2,True
703,2011,1610612741,CHI,Chicago Bulls,21100857,2012-04-10,CHI vs. NYK,W,12,2,1,4,0.25,0,1,0.0,0,0,,0,1,1,1,1,0,0,1,1.6,True
704,2011,1610612741,CHI,Chicago Bulls,21100835,2012-04-08,CHI @ NYK,L,0,0,0,0,,0,0,,0,0,,0,0,0,0,0,0,0,0,0.0,False
705,2011,1610612741,CHI,Chicago Bulls,21100813,2012-04-05,CHI vs. BOS,W,0,0,0,0,,0,0,,0,0,,0,0,0,0,0,0,0,0,0.0,True
706,2011,1610612741,CHI,Chicago Bulls,21100786,2012-04-02,CHI vs. HOU,L,0,0,0,0,,0,0,,0,0,,0,0,0,0,0,0,0,0,0.0,True
707,2011,1610612741,CHI,Chicago Bulls,21100777,2012-04-01,CHI @ OKC,L,12,2,0,3,0.0,0,0,,2,2,1.0,2,3,5,0,0,0,1,1,3.0,False
708,2011,1610612741,CHI,Chicago Bulls,21100749,2012-03-28,CHI @ ATL,W,1,0,0,0,,0,0,,0,0,,1,0,1,0,0,0,0,0,0.4,False
709,2011,1610612741,CHI,Chicago Bulls,21100733,2012-03-26,CHI vs. DEN,L,8,4,2,5,0.4,0,1,0.0,0,0,,0,0,0,2,0,0,0,0,0.2,True
710,2011,1610612741,CHI,Chicago Bulls,21100714,2012-03-24,CHI vs. TOR,W,8,0,0,3,0.0,0,1,0.0,0,0,,0,1,1,0,0,0,0,0,0.4,True
711,2011,1610612741,CHI,Chicago Bulls,21100673,2012-03-19,CHI @ ORL,W,2,0,0,0,,0,0,,0,0,,0,0,0,0,0,0,0,0,0.0,False
712,2011,1610612741,CHI,Chicago Bulls,21100658,2012-03-17,CHI vs. PHI,W,6,0,0,0,,0,0,,0,0,,0,1,1,0,1,0,0,0,0.2,True
713,2011,1610612741,CHI,Chicago Bulls,21100647,2012-03-16,CHI vs. POR,L,15,3,1,2,0.5,1,1,1.0,0,0,,1,1,2,0,0,1,2,1,-1.4,True
714,2011,1610612741,CHI,Chicago Bulls,21100629,2012-03-14,CHI vs. MIA,W,12,8,1,5,0.2,0,1,0.0,6,6,1.0,0,2,2,0,0,0,0,0,2.0,True
715,2011,1610612741,CHI,Chicago Bulls,21100612,2012-03-12,CHI vs. NYK,W,29,8,3,7,0.429,0,2,0.0,2,3,0.667,2,0,2,1,1,0,0,0,-0.2,True
716,2011,1610612741,CHI,Chicago Bulls,21100598,2012-03-10,CHI vs. UTA,W,28,8,2,4,0.5,0,0,,4,6,0.667,3,2,5,1,0,0,1,1,2.2,True
717,2011,1610612741,CHI,Chicago Bulls,21100582,2012-03-08,CHI vs. ORL,L,9,5,1,2,0.5,0,1,0.0,3,4,0.75,1,2,3,2,0,0,1,2,0.8,True
718,2011,1610612741,CHI,Chicago Bulls,21100557,2012-03-05,CHI vs. IND,W,1,0,0,0,,0,0,,0,0,,0,1,1,0,0,0,0,1,0.4,True
719,2011,1610612741,CHI,Chicago Bulls,21100531,2012-03-02,CHI @ CLE,W,5,0,0,0,,0,0,,0,0,,0,0,0,0,0,0,0,0,-1.2,False
720,2011,1610612741,CHI,Chicago Bulls,21100493,2012-02-22,CHI vs. MIL,W,4,0,0,1,0.0,0,0,,0,0,,0,0,0,0,0,0,0,1,-0.4,True
721,2011,1610612741,CHI,Chicago Bulls,21100457,2012-02-18,CHI vs. NJN,L,5,3,1,2,0.5,0,0,,1,2,0.5,2,0,2,0,0,0,0,0,0.4,True
722,2011,1610612741,CHI,Chicago Bulls,21100391,2012-02-10,CHI @ CHA,W,18,4,0,2,0.0,0,0,,4,4,1.0,0,2,2,0,2,0,1,1,0.8,False
723,2011,1610612741,CHI,Chicago Bulls,21100381,2012-02-08,CHI @ NOH,W,8,0,0,0,,0,0,,0,0,,0,0,0,1,0,0,0,1,-0.8,False
724,2011,1610612741,CHI,Chicago Bulls,21100360,2012-02-06,CHI @ NJN,W,3,2,1,1,1.0,0,0,,0,0,,0,1,1,0,0,0,0,0,-0.4,False
725,2011,1610612741,CHI,Chicago Bulls,21100349,2012-02-04,CHI @ MIL,W,9,2,1,1,1.0,0,0,,0,0,,0,3,3,1,1,0,0,0,1.6,False
726,2011,1610612741,CHI,Chicago Bulls,21100327,2012-02-02,CHI @ NYK,W,21,7,2,5,0.4,0,0,,3,4,0.75,1,0,1,1,2,1,0,4,-0.2,False
727,2011,1610612741,CHI,Chicago Bulls,21100315,2012-02-01,CHI @ PHI,L,19,5,1,3,0.333,1,2,0.5,2,4,0.5,2,2,4,2,0,0,1,1,0.4,False
728,2011,1610612741,CHI,Chicago Bulls,21100300,2012-01-30,CHI @ WAS,W,13,2,1,3,0.333,0,0,,0,0,,1,1,2,0,1,0,1,0,-1.8,False
729,2011,1610612741,CHI,Chicago Bulls,21100277,2012-01-27,CHI vs. MIL,W,9,2,0,2,0.0,0,0,,2,2,1.0,1,0,1,0,1,0,0,2,-0.4,True
730,2011,1610612741,CHI,Chicago Bulls,21100261,2012-01-25,CHI vs. IND,L,6,2,1,1,1.0,0,0,,0,0,,0,0,0,0,0,0,2,0,-1.0,True
731,2011,1610612741,CHI,Chicago Bulls,21100222,2012-01-20,CHI @ CLE,W,5,0,0,0,,0,0,,0,0,,0,1,1,0,0,2,1,1,0.4,False
732,2011,1610612741,CHI,Chicago Bulls,21100198,2012-01-17,CHI vs. PHX,W,4,1,0,0,,0,0,,1,2,0.5,0,0,0,0,0,0,0,0,-0.2,True
733,2011,1610612741,CHI,Chicago Bulls,21100185,2012-01-16,CHI @ MEM,L,3,2,1,1,1.0,0,0,,0,0,,0,0,0,0,1,0,0,0,0.6,False
734,2011,1610612741,CHI,Chicago Bulls,21100147,2012-01-11,CHI vs. WAS,W,2,0,0,0,,0,0,,0,0,,0,0,0,0,0,0,0,0,0.0,True
735,2011,1610612741,CHI,Chicago Bulls,21100130,2012-01-09,CHI vs. DET,W,3,2,1,1,1.0,0,0,,0,0,,0,0,0,0,0,0,0,0,0.4,True
736,2011,1610612741,CHI,Chicago Bulls,21100110,2012-01-07,CHI @ ATL,L,12,12,3,3,1.0,0,0,,6,6,1.0,2,1,3,0,0,0,0,0,1.6,False
737,2011,1610612741,CHI,Chicago Bulls,21100087,2012-01-04,CHI @ DET,W,1,2,0,0,,0,0,,2,2,1.0,0,1,1,0,0,1,0,0,0.0,False
738,2011,1610612741,CHI,Chicago Bulls,21100077,2012-01-03,CHI vs. ATL,W,1,0,0,0,,0,0,,0,0,,0,0,0,0,0,0,0,0,0.0,True
739,2011,1610612741,CHI,Chicago Bulls,21100062,2012-01-01,CHI vs. MEM,W,6,2,1,2,0.5,0,0,,0,0,,1,1,2,0,0,0,0,0,-0.8,True
